           1,          1:          0,          0,          0,          0
*          2,          2:          0,          0,          0,          0
*          3,          3:          0,          0,          0,          0
*          4,          4:          0,          0,          0,          0
*          5,          5:          0,          0,          0,          0
*          6,          6:          0,          0,          0,          0
*          7,          7:          0,          0,          0,          0
*          8,          8:          0,          0,          0,          0
*          9,          9:          0,          0,          0,          0
*         10,         10:          0,          0,          0,          0
*         11,         11:          0,          0,          0,          0
*         12,         12:          0,          0,          0,          0
*         13,         13:          0,          0,          0,          0
*         14,         14:          0,          0,          0,          0
*         15,         15:          0,          0,          0,          0
*         16,         16:          0,          0,          0,          0
*         17,         17:          0,          0,          0,          0
*         18,         18:          0,          0,          0,          0
*         19,         19:          0,          0,          0,          0
*         20,         20:          0,          0,          0,          0
*         21,         21:          0,          0,          0,          0
*         22,         22:          0,          0,          0,          0
*         23,         23:          0,          0,          0,          0
*         24,         24:          0,          0,          0,          0
*         25,         25:          0,          0,          0,          0
*         26,         26:          0,          0,          0,          0
*         27,         27:          0,          0,          0,          0
*         28,         28:          0,          0,          0,          0
*         29,         29:          0,          0,          0,          0
*         30,         30:          0,          0,          0,          0
*         31,         31:          0,          0,          0,          0
*         32,         32:          0,          0,          0,          0
*         33,         33:          0,          0,          0,          0
*         34,         34:          0,          0,          0,          0
*         35,         35:          0,          0,          0,          0
*         36,         36:          0,          0,          0,          0
*         37,         37:          0,          0,          0,          0
*         38,         38:          0,          0,          0,          0
*         39,         39:          0,          0,          0,          0
*         40,         40:          0,          0,          0,          0
*         41,         41:          0,          0,          0,          0
*         42,         42:          0,          0,          0,          0
*         43,         43:          0,          0,          0,          0
*         44,         44:          0,          0,          0,          0
*         45,         45:          0,          0,          0,          0
*         46,         46:          0,          0,          0,          0
*         47,         47:          0,          0,          0,          0
*         48,         48:          0,          0,          0,          0
*         49,         49:          0,          0,          0,          0
*         50,         50:          0,          0,          0,          0
*         51,         51:          0,          0,          0,          0
*         52,         52:          0,          0,          0,          0
*         53,         53:          0,          0,          0,          0
*         54,         54:          0,          0,          0,          0
*         55,         55:          0,          0,          0,          0
*         56,         56:          0,          0,          0,          0
*         57,         57:          0,          0,          0,          0
*         58,         58:          0,          0,          0,          0
*         59,         59:          0,          0,          0,          0
*         60,         60:          0,          0,          0,          0
*         61,         61:          0,          0,          0,          0
*         62,         62:          0,          0,          0,          0
*         63,         63:          0,          0,          0,          0
*         64,         64:          0,          0,          0,          0
*         65,         65:          0,          0,          0,          0
*         66,         66:          0,          0,          0,          0
*         67,         67:          0,          0,          0,          0
*         68,         68:          0,          0,          0,          0
*         69,         69:          0,          0,          0,          0
*         70,         70:          0,          0,          0,          0
*         71,         71:          0,          0,          0,          0
*         72,         72:          0,          0,          0,          0
*         73,         73:          0,          0,          0,          0
*         74,         74:          0,          0,          0,          0
*         75,         75:          0,          0,          0,          0
*         76,         76:          0,          0,          0,          0
*         77,         77:          0,          0,          0,          0
*         78,         78:          0,          0,          0,          0
*         79,         79:          0,          0,          0,          0
*         80,         80:          0,          0,          0,          0
*         81,         81:          0,          0,          0,          0
*         82,         82:          0,          0,          0,          0
*         83,         83:          0,          0,          0,          0
*         84,         84:          0,          0,          0,          0
*         85,         85:          0,          0,          0,          0
*         86,         86:          0,          0,          0,          0
*         87,         87:          0,          0,          0,          0
*         88,         88:          0,          0,          0,          0
*         89,         89:          0,          0,          0,          0
*         90,         90:          0,          0,          0,          0
*         91,         91:          0,          0,          0,          0
*         92,         92:          0,          0,          0,          0
*         93,         93:          0,          0,          0,          0
*         94,         94:          0,          0,          0,          0
*         95,         95:          0,          0,          0,          0
*         96,         96:          0,          0,          0,          0
*         97,         97:          0,          0,          0,          0
*         98,         98:          0,          0,          0,          0
*         99,         99:          0,          0,          0,          0
*        100,        100:          0,          0,          0,          0
*        101,        101:          0,          0,          0,          0
*        102,        102:          0,          0,          0,          0
*        103,        103:          0,          0,          0,          0
*        104,        104:          0,          0,          0,          0
*        105,        105:          0,          0,          0,          0
*        106,        106:          0,          0,          0,          0
*        107,        107:          0,          0,          0,          0
*        108,        108:          0,          0,          0,          0
*        109,        109:          0,          0,          0,          0
*        110,        110:          0,          0,          0,          0
*        111,        111:          0,          0,          0,          0
*        112,        112:          0,          0,          0,          0
*        113,        113:          0,          0,          0,          0
*        114,        114:          0,          0,          0,          0
*        115,        115:          0,          0,          0,          0
*        116,        116:          0,          0,          0,          0
*        117,        117:          0,          0,          0,          0
*        118,        118:          0,          0,          0,          0
*        119,        119:          0,          0,          0,          0
*        120,        120:          0,          0,          0,          0
*        121,        121:          0,          0,          0,          0
*        122,        122:          0,          0,          0,          0
*        123,        123:          0,          0,          0,          0
*        124,        124:          0,          0,          0,          0
*        125,        125:          0,          0,          0,          0
*        126,        126:          0,          0,          0,          0
*        127,        127:          0,          0,          0,          0
*        128,        128:          0,          0,          0,          0
*        129,        129:          0,          0,          0,          0
*        130,        130:          0,          0,          0,          0
*        131,        131:          0,          0,          0,          0
*        132,        132:          0,          0,          0,          0
*        133,        133:          0,          0,          0,          0
*        134,        134:          0,          0,          0,          0
*        135,        135:          0,          0,          0,          0
*        136,        136:          0,          0,          0,          0
*        137,        137:          0,          0,          0,          0
*        138,        138:          0,          0,          0,          0
*        139,        139:          0,          0,          0,          0
*        140,        140:          0,          0,          0,          0
*        141,        141:          0,          0,          0,          0
*        142,        142:          0,          0,          0,          0
*        143,        143:          0,          0,          0,          0
*        144,        144:          0,          0,          0,          0
*        145,        145:          0,          0,          0,          0
*        146,        146:          0,          0,          0,          0
*        147,        147:          0,          0,          0,          0
*        148,        148:          0,          0,          0,          0
*        149,        149:          0,          0,          0,          0
*        150,        150:          0,          0,          0,          0
*        151,        151:          0,          0,          0,          0
*        152,        152:          0,          0,          0,          0
*        153,        153:          0,          0,          0,          0
*        154,        154:          0,          0,          0,          0
*        155,        155:          0,          0,          0,          0
*        156,        156:          0,          0,          0,          0
*        157,        157:          0,          0,          0,          0
*        158,        158:          0,          0,          0,          0
*        159,        159:          0,          0,          0,          0
*        160,        160:          0,          0,          0,          0
*        161,        161:          0,          0,          0,          0
*        162,        162:        396,        396,        396,        396
*        163,        163:        396,        396,        396,        396
*        164,        164:        396,        396,        396,        396
*        165,        165:        396,        396,        396,        396
*        166,        166:        396,        396,        396,        396
*        167,        167:        396,        396,        396,        396
*        168,        168:        396,        396,        396,        396
*        169,        169:        396,        396,        396,        396
*        170,        170:        396,        396,        396,        396
*        171,        171:        396,        396,        396,        396
*        172,        172:        396,        396,        396,        396
*        173,        173:        396,        396,        396,        396
*        174,        174:        396,        396,        396,        396
*        175,        175:        396,        396,        396,        396
*        176,        176:        396,        396,        396,        396
*        177,        177:        396,        396,        396,        396
*        178,        178:        396,        396,        396,        396
*        179,        179:        396,        396,        396,        396
*        180,        180:        396,        396,        396,        396
*        181,        181:        396,        396,        396,        396
*        182,        182:        396,        396,        396,        396
*        183,        183:        396,        396,        396,        396
*        184,        184:        396,        396,        396,        396
*        185,        185:        396,        396,        396,        396
*        186,        186:        396,        396,        396,        396
*        187,        187:        396,        396,        396,        396
*        188,        188:        396,        396,        396,        396
*        189,        189:        396,        396,        396,        396
*        190,        190:        396,        396,        396,        396
*        191,        191:        396,        396,        396,        396
*        192,        192:        396,        396,        396,        396
*        193,        193:        396,        396,        396,        396
*        194,        194:        396,        396,        396,        396
*        195,        195:        396,        396,        396,        396
*        196,        196:        396,        396,        396,        396
*        197,        197:        396,        396,        396,        396
*        198,        198:        396,        396,        396,        396
*        199,        199:        396,        396,        396,        396
*        200,        200:        396,        396,        396,        396
*        201,        201:        396,        396,        396,        396
*        202,        202:        396,        396,        396,        396
*        203,        203:        396,        396,        396,        396
*        204,        204:        396,        396,        396,        396
*        205,        205:        396,        396,        396,        396
*        206,        206:        396,        396,        396,        396
*        207,        207:        396,        396,        396,        396
*        208,        208:        396,        396,        396,        396
*        209,        209:        396,        396,        396,        396
*        210,        210:        396,        396,        396,        396
*        211,        211:        396,        396,        396,        396
*        212,        212:        396,        396,        396,        396
*        213,        213:        396,        396,        396,        396
*        214,        214:        396,        396,        396,        396
*        215,        215:        396,        396,        396,        396
*        216,        216:        396,        396,        396,        396
*        217,        217:        396,        396,        396,        396
*        218,        218:        396,        396,        396,        396
*        219,        219:        396,        396,        396,        396
*        220,        220:        396,        396,        396,        396
*        221,        221:        396,        396,        396,        396
*        222,        222:        396,        396,        396,        396
*        223,        223:        792,        792,        792,        792
*        224,        224:        792,        792,        792,        792
*        225,        225:        792,        792,        792,        792
*        226,        226:        792,        792,        792,        792
*        227,        227:        792,        792,        792,        792
*        228,        228:        792,        792,        792,        792
*        229,        229:        792,        792,        792,        792
*        230,        230:        792,        792,        792,        792
*        231,        231:        792,        792,        792,        792
*        232,        232:        792,        792,        792,        792
*        233,        233:        792,        792,        792,        792
*        234,        234:        792,        792,        792,        792
*        235,        235:        792,        792,        792,        792
*        236,        236:        792,        792,        792,        792
*        237,        237:        792,        792,        792,        792
*        238,        238:        792,        792,        792,        792
*        239,        239:        792,        792,        792,        792
*        240,        240:        792,        792,        792,        792
*        241,        241:        792,        792,        792,        792
*        242,        242:        792,        792,       1188,       1188
*        243,        243:       1188,       1188,       1188,       1188
*        244,        244:       1188,       1188,       1188,       1188
*        245,        245:       1188,       1188,       1188,       1188
*        246,        246:       1188,       1188,       1188,       1188
*        247,        247:       1188,       1188,       1188,       1188
*        248,        248:       1188,       1188,       1188,       1188
*        249,        249:       1188,       1188,       1188,       1584
*        250,        250:       1584,       1584,       1584,       1584
*        251,        251:       1584,       1584,       1584,       1584
*        252,        252:       1584,       1584,       1584,       1584
*        253,        253:       1584,       1584,       1584,       1584
*        254,        254:       1584,       1584,       1584,       1584
*        255,        255:       1584,       1584,       1584,       1584
*        256,        256:       1584,       1584,       1584,       1584
*        257,        257:       1714,       1980,       1980,       1980
*        258,        258:       1980,       1980,       1980,       1980
*        259,        259:       1980,       1980,       1980,       1980
*        260,        260:       1980,       1980,       1980,       1980
*        261,        261:       1980,       1980,       1980,       1980
*        262,        262:       1980,       1980,       1980,       1980
*        263,        263:       1980,       1980,       1980,       1980
*        264,        264:       1980,       1980,       2376,       2376
*        265,        265:       2376,       2376,       2376,       2376
*        266,        266:       2376,       2376,       2376,       2376
*        267,        267:       2376,       2376,       2376,       2376
*        268,        268:       2376,       2376,       2376,       2376
*        269,        269:       2376,       2376,       2376,       2376
*        270,        270:       2376,       2376,       2376,       2376
*        271,        271:       2376,       2772,       2772,       2772
*        272,        272:       2772,       2772,       2772,       2772
*        273,        273:       2772,       2772,       2772,       2772
*        274,        274:       2772,       2772,       2772,       2772
*        275,        275:       2772,       2772,       2772,       2772
*        276,        276:       2772,       2772,       2772,       2772
*        277,        277:       2772,       2772,       2772,       2772
*        278,        278:       2772,       2772,       2772,       3168
*        279,        279:       3168,       3168,       3168,       3168
*        280,        280:       3168,       3168,       3168,       3168
*        281,        281:       3168,       3168,       3168,       3168
*        282,        282:       3168,       3168,       3168,       3168
*        283,        283:       3168,       3168,       3168,       3168
*        284,        284:       3168,       3168,       3168,       3168
*        285,        285:       3168,       3168,       3168,       3168
*        286,        286:       3168,       3564,       3564,       3564
*        287,        287:       3564,       3564,       3564,       3564
*        288,        288:       3564,       3564,       3564,       3564
*        289,        289:       3564,       3564,       3564,       3564
*        290,        290:       3564,       3564,       3564,       3564
*        291,        291:       3564,       3564,       3564,       3564
*        292,        292:       3564,       3564,       3564,       3564
*        293,        293:       3564,       3564,       3564,       3564
*        294,        294:       3564,       3564,       3564,       3564
*        295,        295:       3564,       3564,       3564,       3564
*        296,        296:       3564,       3564,       3564,       3564
*        297,        297:       3564,       3564,       3564,       3564
*        298,        298:       3564,       3564,       3564,       3564
*        299,        299:       3564,       3564,       3564,       3564
*        300,        300:       3564,       3564,       3564,       3564
*        301,        301:       3564,       3564,       3564,       3564
*        302,        302:       3564,       3564,       3564,       3564
*        303,        303:       3564,       3564,       3564,       3564
*        304,        304:       3564,       3564,       3564,       3564
*        305,        305:       3564,       3564,       3564,       3564
*        306,        306:       3564,       3564,       3564,       3564
*        307,        307:       3564,       3564,       3564,       3564
*        308,        308:       3564,       3564,       3564,       3564
*        309,        309:       3564,       3564,       3564,       3564
*        310,        310:       3564,       3564,       3564,       3564
*        311,        311:       3564,       3564,       3564,       3564
*        312,        312:       3564,       3564,       3564,       3564
*        313,        313:       3564,       3564,       3564,       3564
*        314,        314:       3564,       3564,       3564,       3564
*        315,        315:       3564,       3564,       3564,       3564
*        316,        316:       3564,       3564,       3564,       3564
*        317,        317:       3564,       3564,       3564,       3564
*        318,        318:       3564,       3564,       3564,       3564
*        319,        319:       3564,       3564,       3564,       3564
*        320,        320:       3564,       3564,       3564,       3564
*        321,        321:       3564,       3564,       3564,       3564
*        322,        322:       3564,       3564,       3564,       3564
*        323,        323:       3564,       3564,       3564,       3564
*        324,        324:       3564,       3564,       3564,       3564
*        325,        325:       3564,       3564,       3564,       3564
*        326,        326:       3564,       3564,       3564,       3564
*        327,        327:       3564,       3564,       3564,       3564
*        328,        328:       3564,       3564,       3564,       3564
*        329,        329:       3564,       3564,       3564,       3564
*        330,        330:       3564,       3564,       3564,       3564
*        331,        331:       3564,       3564,       3564,       3564
*        332,        332:       3564,       3564,       3564,       3564
*        333,        333:       3564,       3564,       3564,       3564
*        334,        334:       3564,       3564,       3564,       3564
*        335,        335:       3564,       3564,       3564,       3564
*        336,        336:       3564,       3564,       3564,       3564
*        337,        337:       3564,       3564,       3564,       3564
*        338,        338:       3564,       3564,       3564,       3564
*        339,        339:       3564,       3564,       3564,       3564
*        340,        340:       3564,       3564,       3564,       3564
*        341,        341:       3564,       3564,       3564,       3564
*        342,        342:       3564,       3564,       3564,       3564
*        343,        343:       3564,       3564,       3564,       3564
*        344,        344:       3564,       3564,       3564,       3564
*        345,        345:       3564,       3564,       3564,       3564
*        346,        346:       3564,       3564,       3564,       3564
*        347,        347:       3564,       3564,       3564,       3564
*        348,        348:       3564,       3564,       3564,       3564
*        349,        349:       3564,       3564,       3564,       3564
*        350,        350:       3564,       3564,       3564,       3564
*        351,        351:       3564,       3564,       3564,       3564
*        352,        352:       3564,       3564,       3564,       3564
*        353,        353:       3564,       3564,       3564,       3564
*        354,        354:       3564,       3564,       3564,       3564
*        355,        355:       3564,       3564,       3564,       3564
*        356,        356:       3564,       3564,       3564,       3564
*        357,        357:       3564,       3564,       3564,       3564
*        358,        358:       3564,       3564,       3564,       3564
*        359,        359:       3564,       3564,       3564,       3564
*        360,        360:       3564,       3564,       3564,       3564
*        361,        361:       3564,       3564,       3564,       3564
*        362,        362:       3564,       3564,       3564,       3564
*        363,        363:       3564,       3564,       3564,       3564
*        364,        364:       3564,       3564,       3564,       3564
*        365,        365:       3564,       3564,       3564,       3564
*        366,        366:       3564,       3564,       3564,       3564
*        367,        367:       3564,       3564,       3564,       3564
*        368,        368:       3564,       3564,       3564,       3564
*        369,        369:       3564,       3564,       3564,       3564
*        370,        370:       3564,       3564,       3564,       3564
*        371,        371:       3564,       3564,       3564,       3564
*        372,        372:       3564,       3564,       3564,       3564
*        373,        373:       3564,       3564,       3564,       3564
*        374,        374:       3564,       3564,       3564,       3564
*        375,        375:       3564,       3564,       3564,       3564
*        376,        376:       3564,       3564,       3564,       3564
*        377,        377:       3564,       3564,       3564,       3564
*        378,        378:       3564,       3564,       3564,       3564
*        379,        379:       3564,       3564,       3564,       3564
*        380,        380:       3564,       3564,       3564,       3564
*        381,        381:       3564,       3564,       3564,       3564
*        382,        382:       3564,       3564,       3564,       3564
*        383,        383:       3564,       3564,       3564,       3564
*        384,        384:       3564,       3564,       3564,       3564
*        385,        385:       3564,       3564,       3564,       3564
*        386,        386:       3564,       3564,       3564,       3564
*        387,        387:       3564,       3564,       3564,       3564
*        388,        388:       3564,       3564,       3564,       3564
*        389,        389:       3564,       3564,       3564,       3564
*        390,        390:       3564,       3564,       3564,       3564
*        391,        391:       3564,       3564,       3564,       3564
*        392,        392:       3564,       3564,       3564,       3564
*        393,        393:       3564,       3564,       3564,       3564
*        394,        394:       3564,       3564,       3564,       3564
*        395,        395:       3564,       3564,       3564,       3564
*        396,        396:       3564,       3564,       3564,       3564
*        397,        397:       3564,       3564,       3564,       3564
*        398,        398:       3564,       3564,       3564,       3564
*        399,        399:       3564,       3564,       3564,       3564
*        400,        400:       3564,       3564,       3564,       3564
*        401,        401:       3564,       3564,       3564,       3564
*        402,        402:       3564,       3564,       3564,       3564
*        403,        403:       3564,       3564,       3564,       3564
*        404,        404:       3564,       3564,       3564,       3564
*        405,        405:       3564,       3564,       3564,       3564
*        406,        406:       3564,       3564,       3564,       3564
*        407,        407:       3564,       3564,       3564,       3564
*        408,        408:       3564,       3564,       3564,       3564
*        409,        409:       3564,       3564,       3564,       3564
*        410,        410:       3564,       3564,       3564,       3564
*        411,        411:       3564,       3564,       3564,       3564
*        412,        412:       3564,       3564,       3564,       3564
*        413,        413:       3564,       3564,       3564,       3564
*        414,        414:       3564,       3564,       3564,       3564
*        415,        415:       3564,       3564,       3564,       3564
*        416,        416:       3564,       3564,       3564,       3564
*        417,        417:       3564,       3564,       3564,       3564
*        418,        418:       3564,       3564,       3564,       3564
*        419,        419:       3564,       3564,       3564,       3564
*        420,        420:       3564,       3564,       3564,       3564
*        421,        421:       3564,       3564,       3564,       3564
*        422,        422:       3564,       3564,       3564,       3564
*        423,        423:       3564,       3564,       3564,       3564
*        424,        424:       3564,       3564,       3564,       3564
*        425,        425:       3564,       3564,       3564,       3564
*        426,        426:       3564,       3564,       3564,       3564
*        427,        427:       3564,       3564,       3564,       3564
*        428,        428:       3564,       3564,       3564,       3564
*        429,        429:       3564,       3564,       3564,       3564
*        430,        430:       3564,       3564,       3564,       3564
*        431,        431:       3564,       3564,       3564,       3564
*        432,        432:       3564,       3564,       3564,       3564
*        433,        433:       3564,       3564,       3564,       3564
*        434,        434:       3564,       3564,       3564,       3564
*        435,        435:       3564,       3564,       3564,       3564
*        436,        436:       3564,       3564,       3564,       3564
*        437,        437:       3564,       3564,       3564,       3564
*        438,        438:       3564,       3564,       3564,       3564
*        439,        439:       3564,       3564,       3564,       3564
*        440,        440:       3564,       3564,       3564,       3564
*        441,        441:       3564,       3564,       3564,       3564
*        442,        442:       3564,       3564,       3564,       3564
*        443,        443:       3564,       3564,       3564,       3564
*        444,        444:       3564,       3564,       3564,       3564
*        445,        445:       3564,       3564,       3564,       3564
*        446,        446:       3564,       3564,       3564,       3564
*        447,        447:       3564,       3564,       3564,       3564
*        448,        448:       3564,       3564,       3564,       3564
*        449,        449:       3564,       3564,       3564,       3564
*        450,        450:       3564,       3564,       3564,       3564
*        451,        451:       3564,       3564,       3564,       3564
*        452,        452:       3564,       3564,       3564,       3564
*        453,        453:       3564,       3564,       3564,       3564
*        454,        454:       3564,       3564,       3564,       3564
*        455,        455:       3564,       3564,       3564,       3564
*        456,        456:       3564,       3564,       3564,       3564
*        457,        457:       3564,       3564,       3564,       3564
*        458,        458:       3564,       3564,       3564,       3564
*        459,        459:       3564,       3564,       3564,       3564
*        460,        460:       3564,       3564,       3564,       3564
*        461,        461:       3564,       3564,       3564,       3564
*        462,        462:       3564,       3564,       3564,       3564
*        463,        463:       3564,       3564,       3564,       3564
*        464,        464:       3564,       3564,       3564,       3564
*        465,        465:       3564,       3564,       3564,       3564
*        466,        466:       3564,       3564,       3564,       3564
*        467,        467:       3564,       3564,       3564,       3564
*        468,        468:       3564,       3564,       3564,       3564
*        469,        469:       3564,       3564,       3564,       3564
*        470,        470:       3564,       3564,       3564,       3564
*        471,        471:       3564,       3564,       3564,       3564
*        472,        472:       3564,       3564,       3564,       3564
*        473,        473:       3564,       3564,       3564,       3564
*        474,        474:       3564,       3564,       3564,       3564
*        475,        475:       3564,       3564,       3564,       3564
*        476,        476:       3564,       3564,       3564,       3564
*        477,        477:       3564,       3564,       3564,       3564
*        478,        478:       3564,       3564,       3564,       3564
*        479,        479:       3564,       3564,       3564,       3564
*        480,        480:       3564,       3564,       3564,       3564
*        481,        481:       3564,       3564,       3564,       3564
*        482,        482:       3564,       3564,       3564,       3564
*        483,        483:       3564,       3564,       3564,       3564
*        484,        484:       3564,       3564,       3564,       3564
*        485,        485:       3564,       3564,       3564,       3564
*        486,        486:       3564,       3564,       3564,       3564
*        487,        487:       3564,       3564,       3564,       3564
*        488,        488:       3564,       3564,       3564,       3564
*        489,        489:       3564,       3564,       3564,       3564
*        490,        490:       3564,       3564,       3564,       3564
*        491,        491:       3564,       3564,       3564,       3564
*        492,        492:       3564,       3564,       3564,       3564
*        493,        493:       3564,       3564,       3564,       3564
*        494,        494:       3564,       3564,       3564,       3564
*        495,        495:       3564,       3564,       3564,       3564
*        496,        496:       3564,       3564,       3564,       3564
*        497,        497:       3564,       3564,       3564,       3564
*        498,        498:       3564,       3564,       3564,       3564
*        499,        499:       3564,       3564,       3564,       3564
*        500,        500:       3564,       3564,       3564,       3564
*        501,        501:       3564,       3564,       3564,       3564
*        502,        502:       3564,       3564,       3564,       3564
*        503,        503:       3564,       3564,       3564,       3564
*        504,        504:       3564,       3564,       3564,       3564
*        505,        505:       3564,       3564,       3564,       3564
*        506,        506:       3564,       3564,       3564,       3564
*        507,        507:       3564,       3564,       3564,       3564
*        508,        508:       3564,       3564,       3564,       3564
*        509,        509:       3564,       3564,       3564,       3564
*        510,        510:       3564,       3564,       3564,       3564
*        511,        511:       3564,       3564,       3564,       3564
*        512,        512:       3564,       3564,       3564,       3564
*        513,        513:       3564,       3564,       3564,       3564
*        514,        514:       3564,       3564,       3564,       3564
*        515,        515:       3564,       3564,       3564,       3564
*        516,        516:       3564,       3564,       3564,       3564
*        517,        517:       3564,       3564,       3564,       3564
*        518,        518:       3564,       3564,       3564,       3564
*        519,        519:       3564,       3564,       3564,       3564
*        520,        520:       3564,       3564,       3564,       3564
*        521,        521:       3564,       3564,       3564,       3564
*        522,        522:       3564,       3564,       3564,       3564
*        523,        523:       3564,       3564,       3564,       3564
*        524,        524:       3564,       3564,       3564,       3564
*        525,        525:       3564,       3564,       3564,       3564
*        526,        526:       3564,       3564,       3564,       3564
*        527,        527:       3564,       3564,       3564,       3564
*        528,        528:       3564,       3564,       3564,       3564
*        529,        529:       3564,       3564,       3564,       3564
*        530,        530:       3564,       3564,       3564,       3564
*        531,        531:       3564,       3564,       3564,       3564
*        532,        532:       3564,       3564,       3564,       3564
*        533,        533:       3564,       3564,       3564,       3564
*        534,        534:       3564,       3564,       3564,       3564
*        535,        535:       3564,       3564,       3564,       3564
*        536,        536:       3564,       3564,       3564,       3564
*        537,        537:       3564,       3564,       3564,       3564
*        538,        538:       3564,       3564,       3564,       3564
*        539,        539:       3564,       3564,       3564,       3564
*        540,        540:       3564,       3564,       3564,       3564
*        541,        541:       3564,       3564,       3564,       3564
*        542,        542:       3564,       3564,       3564,       3564
*        543,        543:       3564,       3564,       3564,       3564
*        544,        544:       3564,       3564,       3564,       3564
*        545,        545:       3564,       3564,       3564,       3564
*        546,        546:       3564,       3564,       3564,       3564
*        547,        547:       3564,       3564,       3564,       3564
*        548,        548:       3564,       3564,       3564,       3564
*        549,        549:       3564,       3564,       3564,       3564
*        550,        550:       3564,       3564,       3564,       3564
*        551,        551:       3564,       3564,       3564,       3564
*        552,        552:       3564,       3564,       3564,       3564
*        553,        553:       3564,       3564,       3564,       3564
*        554,        554:       3564,       3564,       3564,       3564
*        555,        555:       3564,       3564,       3564,       3564
*        556,        556:       3564,       3564,       3564,       3564
*        557,        557:       3564,       3564,       3564,       3564
*        558,        558:       3564,       3564,       3564,       3564
*        559,        559:       3564,       3564,       3564,       3564
*        560,        560:       3564,       3564,       3564,       3564
*        561,        561:       3564,       3564,       3564,       3564
*        562,        562:       3564,       3564,       3564,       3564
*        563,        563:       3564,       3564,       3564,       3564
*        564,        564:       3564,       3564,       3564,       3564
*        565,        565:       3564,       3564,       3564,       3564
*        566,        566:       3564,       3564,       3564,       3564
*        567,        567:       3564,       3564,       3564,       3564
*        568,        568:       3564,       3564,       3564,       3564
*        569,        569:       3564,       3564,       3564,       3564
*        570,        570:       3564,       3564,       3564,       3564
*        571,        571:       3564,       3564,       3564,       3564
*        572,        572:       3564,       3564,       3564,       3564
*        573,        573:       3564,       3564,       3564,       3564
*        574,        574:       3564,       3564,       3564,       3564
*        575,        575:       3564,       3564,       3564,       3564
*        576,        576:       3564,       3564,       3564,       3564
*        577,        577:       3564,       3564,       3564,       3564
*        578,        578:       3564,       3564,       3564,       3564
*        579,        579:       3564,       3564,       3564,       3564
*        580,        580:       3564,       3564,       3564,       3564
*        581,        581:       3564,       3564,       3564,       3564
*        582,        582:       3564,       3564,       3564,       3564
*        583,        583:       3564,       3564,       3564,       3564
*        584,        584:       3564,       3564,       3564,       3564
*        585,        585:       3564,       3564,       3564,       3564
*        586,        586:       3564,       3564,       3564,       3564
*        587,        587:       3564,       3564,       3564,       3564
*        588,        588:       3564,       3564,       3564,       3564
*        589,        589:       3564,       3564,       3564,       3564
*        590,        590:       3564,       3564,       3564,       3564
*        591,        591:       3564,       3564,       3564,       3564
*        592,        592:       3564,       3564,       3564,       3564
*        593,        593:       3564,       3564,       3564,       3564
*        594,        594:       3564,       3564,       3564,       3564
*        595,        595:       3564,       3564,       3564,       3564
*        596,        596:       3564,       3564,       3564,       3564
*        597,        597:       3564,       3564,       3564,       3564
*        598,        598:       3564,       3564,       3564,       3564
*        599,        599:       3564,       3564,       3564,       3564
*        600,        600:       3564,       3564,       3564,       3564
*        601,        601:       3564,       3564,       3564,       3564
*        602,        602:       3564,       3564,       3564,       3564
*        603,        603:       3564,       3564,       3564,       3564
*        604,        604:       3564,       3564,       3564,       3564
*        605,        605:       3564,       3564,       3564,       3564
*        606,        606:       3564,       3564,       3564,       3564
*        607,        607:       3564,       3564,       3564,       3564
*        608,        608:       3564,       3564,       3564,       3564
*        609,        609:       3564,       3564,       3564,       3564
*        610,        610:       3564,       3564,       3564,       3564
*        611,        611:       3564,       3564,       3564,       3564
*        612,        612:       3564,       3564,       3564,       3564
*        613,        613:       3564,       3564,       3564,       3564
*        614,        614:       3564,       3564,       3564,       3564
*        615,        615:       3564,       3564,       3564,       3564
*        616,        616:       3564,       3564,       3564,       3564
*        617,        617:       3564,       3564,       3564,       3564
*        618,        618:       3564,       3564,       3564,       3564
*        619,        619:       3564,       3564,       3564,       3564
*        620,        620:       3564,       3564,       3564,       3564
*        621,        621:       3564,       3564,       3564,       3564
*        622,        622:       3564,       3564,       3564,       3564
*        623,        623:       3564,       3564,       3564,       3564
*        624,        624:       3564,       3564,       3564,       3564
*        625,        625:       3564,       3564,       3564,       3564
*        626,        626:       3564,       3564,       3564,       3564
*        627,        627:       3564,       3564,       3564,       3564
*        628,        628:       3564,       3564,       3564,       3564
*        629,        629:       3564,       3564,       3564,       3564
*        630,        630:       3564,       3564,       3564,       3564
*        631,        631:       3564,       3564,       3564,       3564
*        632,        632:       3564,       3564,       3564,       3564
*        633,        633:       3564,       3564,       3564,       3564
*        634,        634:       3564,       3564,       3564,       3564
*        635,        635:       3564,       3564,       3564,       3564
*        636,        636:       3564,       3564,       3564,       3564
*        637,        637:       3564,       3564,       3564,       3564
*        638,        638:       3564,       3564,       3564,       3564
*        639,        639:       3564,       3564,       3564,       3564
*        640,        640:       3564,       3564,       3564,       3564
*        641,        641:       3564,       3564,       3564,       3564
*        642,        642:       3564,       3564,       3564,       3564
*        643,        643:       3564,       3564,       3564,       3564
*        644,        644:       3564,       3564,       3564,       3564
*        645,        645:       3564,       3564,       3564,       3564
*        646,        646:       3564,       3564,       3564,       3564
*        647,        647:       3564,       3564,       3564,       3564
*        648,        648:       3564,       3564,       3564,       3564
*        649,        649:       3564,       3564,       3564,       3564
*        650,        650:       3564,       3564,       3564,       3564
*        651,        651:       3564,       3564,       3564,       3564
*        652,        652:       3564,       3564,       3564,       3564
*        653,        653:       3564,       3564,       3564,       3564
*        654,        654:       3564,       3564,       3564,       3564
*        655,        655:       3564,       3564,       3564,       3564
*        656,        656:       3564,       3564,       3564,       3564
*        657,        657:       3564,       3564,       3564,       3564
*        658,        658:       3564,       3564,       3564,       3564
*        659,        659:       3564,       3564,       3564,       3564
*        660,        660:       3564,       3564,       3564,       3564
*        661,        661:       3564,       3564,       3564,       3564
*        662,        662:       3564,       3564,       3564,       3564
*        663,        663:       3564,       3564,       3564,       3564
*        664,        664:       3564,       3564,       3564,       3564
*        665,        665:       3564,       3564,       3564,       3564
*        666,        666:       3564,       3564,       3564,       3564
*        667,        667:       3564,       3564,       3564,       3564
*        668,        668:       3564,       3564,       3564,       3564
*        669,        669:       3564,       3564,       3564,       3564
*        670,        670:       3564,       3564,       3564,       3564
*        671,        671:       3564,       3564,       3564,       3564
*        672,        672:       3564,       3564,       3564,       3564
*        673,        673:       3564,       3564,       3564,       3564
*        674,        674:       3564,       3564,       3564,       3564
*        675,        675:       3564,       3564,       3564,       3564
*        676,        676:       3564,       3564,       3564,       3564
*        677,        677:       3564,       3564,       3564,       3564
*        678,        678:       3564,       3564,       3564,       3564
*        679,        679:       3564,       3564,       3564,       3564
*        680,        680:       3564,       3564,       3564,       3564
*        681,        681:       3564,       3564,       3564,       3564
*        682,        682:       3564,       3564,       3564,       3564
*        683,        683:       3564,       3564,       3564,       3564
*        684,        684:       3564,       3564,       3564,       3564
*        685,        685:       3564,       3564,       3564,       3564
*        686,        686:       3564,       3564,       3564,       3564
*        687,        687:       3564,       3564,       3564,       3564
*        688,        688:       3564,       3564,       3564,       3564
*        689,        689:       3564,       3564,       3564,       3564
*        690,        690:       3564,       3564,       3564,       3564
*        691,        691:       3564,       3564,       3564,       3564
*        692,        692:       3564,       3564,       3564,       3564
*        693,        693:       3564,       3564,       3564,       3564
*        694,        694:       3564,       3564,       3564,       3564
*        695,        695:       3564,       3564,       3564,       3564
*        696,        696:       3564,       3564,       3564,       3564
*        697,        697:       3564,       3564,       3564,       3564
*        698,        698:       3564,       3564,       3564,       3564
*        699,        699:       3564,       3564,       3564,       3564
*        700,        700:       3564,       3564,       3564,       3564
*        701,        701:       3564,       3564,       3564,       3564
*        702,        702:       3564,       3564,       3564,       3564
*        703,        703:       3564,       3564,       3564,       3564
*        704,        704:       3564,       3564,       3564,       3564
*        705,        705:       3564,       3564,       3564,       3564
*        706,        706:       3564,       3564,       3564,       3564
*        707,        707:       3564,       3564,       3564,       3564
*        708,        708:       3564,       3564,       3564,       3564
*        709,        709:       3564,       3564,       3564,       3564
*        710,        710:       3564,       3564,       3564,       3564
*        711,        711:       3564,       3564,       3564,       3564
*        712,        712:       3564,       3564,       3564,       3564
*        713,        713:       3564,       3564,       3564,       3564
*        714,        714:       3564,       3564,       3564,       3564
*        715,        715:       3564,       3564,       3564,       3564
*        716,        716:       3564,       3564,       3564,       3564
*        717,        717:       3564,       3564,       3564,       3564
*        718,        718:       3564,       3564,       3564,       3564
*        719,        719:       3564,       3564,       3564,       3564
*        720,        720:       3564,       3564,       3564,       3564
*        721,        721:       3564,       3564,       3564,       3564
*        722,        722:       3564,       3564,       3564,       3564
*        723,        723:       3564,       3564,       3564,       3564
*        724,        724:       3564,       3564,       3564,       3564
*        725,        725:       3564,       3564,       3564,       3564
*        726,        726:       3564,       3564,       3564,       3564
*        727,        727:       3564,       3564,       3564,       3564
*        728,        728:       3564,       3564,       3564,       3564
*        729,        729:       3564,       3564,       3564,       3564
*        730,        730:       3564,       3564,       3564,       3564
*        731,        731:       3564,       3564,       3564,       3564
*        732,        732:       3564,       3564,       3564,       3564
*        733,        733:       3564,       3564,       3564,       3564
*        734,        734:       3564,       3564,       3564,       3564
*        735,        735:       3564,       3564,       3564,       3564
*        736,        736:       3564,       3564,       3564,       3564
*        737,        737:       3564,       3564,       3564,       3564
*        738,        738:       3564,       3564,       3564,       3564
*        739,        739:       3564,       3564,       3564,       3564
*        740,        740:       3564,       3564,       3564,       3564
*        741,        741:       3564,       3564,       3564,       3564
*        742,        742:       3564,       3564,       3564,       3564
*        743,        743:       3564,       3564,       3564,       3564
*        744,        744:       3564,       3564,       3564,       3564
*        745,        745:       3564,       3564,       3564,       3564
*        746,        746:       3564,       3564,       3564,       3564
*        747,        747:       3564,       3564,       3564,       3564
*        748,        748:       3564,       3564,       3564,       3564
*        749,        749:       3564,       3564,       3564,       3564
*        750,        750:       3564,       3564,       3564,       3564
*        751,        751:       3564,       3564,       3564,       3564
*        752,        752:       3564,       3564,       3564,       3564
*        753,        753:       3564,       3564,       3564,       3564
*        754,        754:       3564,       3564,       3564,       3564
*        755,        755:       3564,       3564,       3564,       3564
*        756,        756:       3564,       3564,       3564,       3564
*        757,        757:       3564,       3564,       3564,       3564
*        758,        758:       3564,       3564,       3564,       3564
*        759,        759:       3564,       3564,       3564,       3564
*        760,        760:       3564,       3564,       3564,       3564
*        761,        761:       3564,       3564,       3564,       3564
*        762,        762:       3564,       3564,       3564,       3564
*        763,        763:       3564,       3564,       3564,       3564
*        764,        764:       3564,       3564,       3564,       3564
*        765,        765:       3564,       3564,       3564,       3564
*        766,        766:       3564,       3564,       3564,       3564
*        767,        767:       3564,       3564,       3564,       3564
*        768,        768:       3564,       3564,       3564,       3564
*        769,        769:       3564,       3564,       3564,       3564
*        770,        770:       3564,       3564,       3564,       3564
*        771,        771:       3564,       3564,       3564,       3564
*        772,        772:       3564,       3564,       3564,       3564
*        773,        773:       3564,       3564,       3564,       3564
*        774,        774:       3564,       3564,       3564,       3564
*        775,        775:       3564,       3564,       3564,       3564
*        776,        776:       3564,       3564,       3564,       3564
*        777,        777:       3564,       3564,       3564,       3564
*        778,        778:       3564,       3564,       3564,       3564
*        779,        779:       3564,       3564,       3564,       3564
*        780,        780:       3564,       3564,       3564,       3564
*        781,        781:       3564,       3564,       3564,       3564
*        782,        782:       3564,       3564,       3564,       3564
*        783,        783:       3564,       3564,       3564,       3564
*        784,        784:       3564,       3564,       3564,       3564
*        785,        785:       3564,       3564,       3564,       3564
*        786,        786:       3564,       3564,       3564,       3564
*        787,        787:       3564,       3564,       3564,       3564
*        788,        788:       3564,       3564,       3564,       3564
*        789,        789:       3564,       3564,       3564,       3564
*        790,        790:       3564,       3564,       3564,       3564
*        791,        791:       3564,       3564,       3564,       3564
*        792,        792:       3564,       3564,       3564,       3564
*        793,        793:       3564,       3564,       3564,       3564
*        794,        794:       3564,       3564,       3564,       3564
*        795,        795:       3564,       3564,       3564,       3564
*        796,        796:       3564,       3564,       3564,       3564
*        797,        797:       3564,       3564,       3564,       3564
*        798,        798:       3564,       3564,       3564,       3564
*        799,        799:       3564,       3564,       3564,       3564
*        800,        800:       3564,       3564,       3564,       3564
*        801,        801:       3564,       3564,       3564,       3564
*        802,        802:       3564,       3564,       3564,       3564
*        803,        803:       3564,       3564,       3564,       3564
*        804,        804:       3564,       3564,       3564,       3564
*        805,        805:       3564,       3564,       3564,       3564
*        806,        806:       3564,       3564,       3564,       3564
*        807,        807:       3564,       3564,       3564,       3564
*        808,        808:       3564,       3564,       3564,       3564
*        809,        809:       3564,       3564,       3564,       3564
*        810,        810:       3564,       3564,       3564,       3564
*        811,        811:       3564,       3564,       3564,       3564
*        812,        812:       3564,       3564,       3564,       3564
*        813,        813:       3564,       3564,       3564,       3564
*        814,        814:       3564,       3564,       3564,       3564
*        815,        815:       3564,       3564,       3564,       3564
*        816,        816:       3564,       3564,       3564,       3564
*        817,        817:       3564,       3564,       3564,       3564
*        818,        818:       3564,       3564,       3564,       3564
*        819,        819:       3564,       3564,       3564,       3564
*        820,        820:       3564,       3564,       3564,       3564
*        821,        821:       3564,       3564,       3564,       3564
*        822,        822:       3564,       3564,       3564,       3564
*        823,        823:       3564,       3564,       3564,       3564
*        824,        824:       3564,       3564,       3564,       3564
*        825,        825:       3564,       3564,       3564,       3564
*        826,        826:       3564,       3564,       3564,       3564
*        827,        827:       3564,       3564,       3564,       3564
*        828,        828:       3564,       3564,       3564,       3564
*        829,        829:       3564,       3564,       3564,       3564
*        830,        830:       3564,       3564,       3564,       3564
*        831,        831:       3564,       3564,       3564,       3564
*        832,        832:       3564,       3564,       3564,       3564
*        833,        833:       3564,       3564,       3564,       3564
*        834,        834:       3564,       3564,       3564,       3564
*        835,        835:       3564,       3564,       3564,       3564
*        836,        836:       3564,       3564,       3564,       3564
*        837,        837:       3564,       3564,       3564,       3564
*        838,        838:       3564,       3564,       3564,       3564
*        839,        839:       3564,       3564,       3564,       3564
*        840,        840:       3564,       3564,       3564,       3564
*        841,        841:       3564,       3564,       3564,       3564
*        842,        842:       3564,       3564,       3564,       3564
*        843,        843:       3564,       3564,       3564,       3564
*        844,        844:       3564,       3564,       3564,       3564
*        845,        845:       3564,       3564,       3564,       3564
*        846,        846:       3564,       3564,       3564,       3564
*        847,        847:       3564,       3564,       3564,       3564
*        848,        848:       3564,       3564,       3564,       3564
*        849,        849:       3564,       3564,       3564,       3564
*        850,        850:       3564,       3564,       3564,       3564
*        851,        851:       3564,       3564,       3564,       3564
*        852,        852:       3564,       3564,       3564,       3564
*        853,        853:       3564,       3564,       3564,       3564
*        854,        854:       3564,       3564,       3564,       3564
*        855,        855:       3564,       3564,       3564,       3564
*        856,        856:       3564,       3564,       3564,       3564
*        857,        857:       3564,       3564,       3564,       3564
*        858,        858:       3564,       3564,       3564,       3564
*        859,        859:       3564,       3564,       3564,       3564
*        860,        860:       3564,       3564,       3564,       3564
*        861,        861:       3564,       3564,       3564,       3564
*        862,        862:       3564,       3564,       3564,       3564
*        863,        863:       3564,       3564,       3564,       3564
*        864,        864:       3564,       3564,       3564,       3564
*        865,        865:       3564,       3564,       3564,       3564
*        866,        866:       3564,       3564,       3564,       3564
*        867,        867:       3564,       3564,       3564,       3564
*        868,        868:       3564,       3564,       3564,       3564
*        869,        869:       3564,       3564,       3564,       3564
*        870,        870:       3564,       3564,       3564,       3564
*        871,        871:       3564,       3564,       3564,       3564
*        872,        872:       3564,       3564,       3564,       3564
*        873,        873:       3564,       3564,       3564,       3564
*        874,        874:       3564,       3564,       3564,       3564
*        875,        875:       3564,       3564,       3564,       3564
*        876,        876:       3564,       3564,       3564,       3564
*        877,        877:       3564,       3564,       3564,       3564
*        878,        878:       3564,       3564,       3564,       3564
*        879,        879:       3564,       3564,       3564,       3564
*        880,        880:       3564,       3564,       3564,       3564
*        881,        881:       3564,       3564,       3564,       3564
*        882,        882:       3564,       3564,       3564,       3564
*        883,        883:       3564,       3564,       3564,       3564
*        884,        884:       3564,       3564,       3564,       3564
*        885,        885:       3564,       3564,       3564,       3564
*        886,        886:       3564,       3564,       3564,       3564
*        887,        887:       3564,       3564,       3564,       3564
*        888,        888:       3564,       3564,       3564,       3564
*        889,        889:       3564,       3564,       3564,       3564
*        890,        890:       3564,       3564,       3564,       3564
*        891,        891:       3564,       3564,       3564,       3564
*        892,        892:       3564,       3564,       3564,       3564
*        893,        893:       3564,       3564,       3564,       3564
*        894,        894:       3564,       3564,       3564,       3564
*        895,        895:       3564,       3564,       3564,       3564
*        896,        896:       3564,       3564,       3564,       3564
*        897,        897:       3564,       3564,       3564,       3564
*        898,        898:       3564,       3564,       3564,       3564
*        899,        899:       3564,       3564,       3564,       3564
*        900,        900:       3564,       3564,       3564,       3564
*        901,        901:       3564,       3564,       3564,       3564
*        902,        902:       3564,       3564,       3564,       3564
*        903,        903:       3564,       3564,       3564,       3564
*        904,        904:       3564,       3564,       3564,       3564
*        905,        905:       3564,       3564,       3564,       3564
*        906,        906:       3564,       3564,       3564,       3564
*        907,        907:       3564,       3564,       3564,       3564
*        908,        908:       3564,       3564,       3564,       3564
*        909,        909:       3564,       3564,       3564,       3564
*        910,        910:       3564,       3564,       3564,       3564
*        911,        911:       3564,       3564,       3564,       3564
*        912,        912:       3564,       3564,       3564,       3564
*        913,        913:       3564,       3936,       5940,       7944
*        914,        914:       9948,      11952,      13956,      15960
*        915,        915:      17964,      19968,      21972,      23976
*        916,        916:      25981,      27985,      29989,      31993
*        917,        917:      33997,      36001,      38005,      40009
*        918,        918:      42013,      44017,      46021,      48025
*        919,        919:      50029,      52033,      54037,      56041
*        920,        920:      58045,      60049,      62054,      64058
*        921,        921:      66062,      68066,      70070,      72074
*        922,        922:      74078,      76082,      78086,      80090
*        923,        923:      82094,      84098,      86102,      88106
*        924,        924:      90110,      92114,      94118,      96122
*        925,        925:      98127,     100131,     102135,     104139
*        926,        926:     106143,     108147,     110150,     112154
*        927,        927:     114158,     116163,     118167,     120171
*        928,        928:     122175,     124179,     126183,     128187
*        929,        929:     130191,     132195,     134199,     136204
*        930,        930:     138207,     140211,     142215,     144219
*        931,        931:     146223,     148227,     150231,     152235
*        932,        932:     154240,     156244,     158248,     160252
*        933,        933:     162256,     164260,     166264,     168268
*        934,        934:     170272,     172276,     174280,     176284
*        935,        935:     178288,     180292,     182296,     184300
*        936,        936:     186304,     188308,     190313,     192317
*        937,        937:     194321,     196325,     198329,     200333
*        938,        938:     202337,     204341,     206345,     208349
*        939,        939:     210353,     212357,     214361,     216365
*        940,        940:     218369,     220373,     222377,     224381
*        941,        941:     226386,     228390,     230394,     232398
*        942,        942:     234402,     236406,     238410,     240414
*        943,        943:     242418,     244422,     246426,     248430
*        944,        944:     250434,     252438,     254442,     256446
*        945,        945:     258450,     260454,     262459,     264463
*        946,        946:     266467,     268471,     270475,     272479
*        947,        947:     274483,     276486,     278490,     280495
*        948,        948:     282499,     284503,     286507,     288511
*        949,        949:     290515,     292519,     294523,     296527
*        950,        950:     298532,     300536,     302539,     304543
*        951,        951:     306547,     308551,     310555,     312559
*        952,        952:     314563,     316568,     318572,     320576
*        953,        953:     322580,     324584,     326588,     328592
*        954,        954:     330596,     332600,     334604,     336608
*        955,        955:     338612,     340616,     342620,     344624
*        956,        956:     346628,     348632,     350636,     352640
*        957,        957:     354645,     356649,     358653,     360657
*        958,        958:     362661,     364665,     366669,     368673
*        959,        959:     370677,     372681,     374685,     376689
*        960,        960:     378693,     380697,     382701,     384705
*        961,        961:     386709,     388713,     390718,     392722
*        962,        962:     394726,     396730,     398734,     400738
*        963,        963:     402742,     404746,     406750,     408754
*        964,        964:     410758,     412762,     414766,     416770
*        965,        965:     418774,     420778,     422782,     424786
*        966,        966:     426791,     428795,     430799,     432803
*        967,        967:     434807,     436811,     438815,     440818
*        968,        968:     442822,     444827,     446831,     448835
*        969,        969:     450839,     452843,     454847,     456851
*        970,        970:     458855,     460859,     462864,     464868
*        971,        971:     466872,     468875,     470879,     472883
*        972,        972:     474887,     476891,     478895,     480899
*        973,        973:     482904,     484908,     486912,     488916
*        974,        974:     490920,     492924,     494928,     496932
*        975,        975:     498936,     500940,     502944,     504948
*        976,        976:     506952,     508956,     510960,     512964
*        977,        977:     514968,     516973,     518977,     520981
*        978,        978:     522985,     524989,     526993,     528997
*        979,        979:     531001,     533005,     535009,     537013
*        980,        980:     539017,     541021,     543025,     545029
*        981,        981:     547033,     549037,     551041,     553045
*        982,        982:     555050,     557054,     559058,     561062
*        983,        983:     563066,     565070,     567074,     569078
*        984,        984:     571082,     573086,     575090,     577094
*        985,        985:     579098,     581102,     583106,     585110
*        986,        986:     587114,     589118,     591123,     593127
*        987,        987:     595131,     597135,     599139,     601143
*        988,        988:     603147,     605151,     607154,     609159
*        989,        989:     611163,     613167,     615171,     617175
*        990,        990:     619179,     621183,     623187,     625191
*        991,        991:     627196,     629200,     631204,     633208
*        992,        992:     635211,     637215,     639219,     641223
*        993,        993:     643227,     645232,     647236,     649240
*        994,        994:     651244,     653248,     655252,     657256
*        995,        995:     659260,     661264,     663268,     665272
*        996,        996:     667276,     669280,     671284,     673288
*        997,        997:     675292,     677296,     679300,     681304
*        998,        998:     683309,     685313,     687317,     689321
*        999,        999:     691325,     691858,     691858,     691858
*       1000,       1000:     691858,     691858,     691858,     691858
*       1001,       1001:     691858,     691858,     691858,     691858
*       1002,       1002:     691858,     691858,     691858,     691858
*       1003,       1003:     691858,     691858,     691858,     691858
*       1004,       1004:     691858,     691858,     691858,     691858
*       1005,       1005:     691858,     691858,     691858,     691858
*       1006,       1006:     691858,     691858,     691858,     691858
*       1007,       1007:     691858,     691858,     691858,     691858
*       1008,       1008:     691858,     691858,     691858,     691858
*       1009,       1009:     691858,     691858,     691858,     691858
*       1010,       1010:     691858,     691858,     691858,     691858
*       1011,       1011:     691858,     691858,     691858,     691858
*       1012,       1012:     691858,     691858,     691858,     691858
*       1013,       1013:     691858,     691858,     691858,     691858
*       1014,       1014:     691858,     691858,     691858,     691858
*       1015,       1015:     691858,     691858,     691858,     691858
*       1016,       1016:     691858,     691858,     691858,     691858
*       1017,       1017:     691858,     691858,     691858,     691858
*       1018,       1018:     691858,     691858,     691858,     691858
*       1019,       1019:     691858,     691858,     691858,     691858
*       1020,       1020:     691858,     691858,     691858,     691858
*       1021,       1021:     691858,     691858,     691858,     691858
*       1022,       1022:     691858,     691858,     691858,     691858
*       1023,       1023:     691858,     691858,     691858,     691858
*       1024,       1024:     691858,     691858,     691858,     691858
*       1025,       1025:     691858,     691858,     691858,     691858
*       1026,       1026:     691858,     691858,     691858,     691858
*       1027,       1027:     691858,     691858,     691858,     691858
*       1028,       1028:     691858,     691858,     691858,     691858
*       1029,       1029:     691858,     691858,     691858,     691858
*       1030,       1030:     691858,     691858,     691858,     691858
*       1031,       1031:     691858,     691858,     691858,     691858
*       1032,       1032:     691858,     691858,     691858,     691858
*       1033,       1033:     691858,     691858,     691858,     691858
*       1034,       1034:     691858,     691858,     691858,     691858
*       1035,       1035:     691858,     691858,     691858,     691858
*       1036,       1036:     691858,     691858,     691858,     691858
*       1037,       1037:     691858,     691858,     691858,     691858
*       1038,       1038:     691858,     691858,     691858,     691858
*       1039,       1039:     691858,     691858,     691858,     691858
*       1040,       1040:     691858,     691858,     691858,     691858
*       1041,       1041:     691858,     691858,     691858,     691858
*       1042,       1042:     691858,     691858,     691858,     691858
*       1043,       1043:     691858,     691858,     691858,     691858
*       1044,       1044:     691858,     691858,     691858,     691858
*       1045,       1045:     691858,     691858,     691858,     691858
*       1046,       1046:     691858,     691858,     691858,     691858
*       1047,       1047:     691858,     691858,     691858,     691858
*       1048,       1048:     691858,     691858,     691858,     691858
*       1049,       1049:     691858,     691858,     691858,     691858
*       1050,       1050:     691858,     691858,     691858,     691858
*       1051,       1051:     691858,     691858,     691858,     691858
*       1052,       1052:     691858,     691858,     691858,     691858
*       1053,       1053:     691858,     691858,     691858,     691858
*       1054,       1054:     691858,     691858,     691858,     691858
*       1055,       1055:     691858,     691858,     691858,     691858
*       1056,       1056:     691858,     691858,     691858,     691858
*       1057,       1057:     691858,     691858,     691858,     691858
*       1058,       1058:     691858,     691858,     691858,     691858
*       1059,       1059:     691858,     691858,     691858,     691858
*       1060,       1060:     691858,     691858,     691858,     691858
*       1061,       1061:     691858,     691858,     691858,     691858
*       1062,       1062:     691858,     691858,     691858,     691858
*       1063,       1063:     691858,     691858,     691858,     691858
*       1064,       1064:     691858,     691858,     691858,     691858
*       1065,       1065:     691858,     691858,     691858,     691858
*       1066,       1066:     691858,     691858,     691858,     691858
*       1067,       1067:     691858,     691858,     691858,     691858
*       1068,       1068:     691858,     691858,     691858,     691858
*       1069,       1069:     691858,     691858,     691858,     691858
*       1070,       1070:     691858,     691858,     691858,     691858
*       1071,       1071:     691858,     691858,     691858,     691858
*       1072,       1072:     691858,     691858,     691858,     691858
*       1073,       1073:     691858,     691858,     691858,     691858
*       1074,       1074:     691858,     691858,     691858,     691858
*       1075,       1075:     691858,     691858,     691858,     691858
*       1076,       1076:     691858,     691858,     691858,     691858
*       1077,       1077:     691858,     691858,     691858,     691858
*       1078,       1078:     691858,     691858,     691858,     691858
*       1079,       1079:     691858,     691858,     691858,     691858
*       1080,       1080:     691858,     691858,     691858,     691858
*       1081,       1081:     691858,     691858,     691858,     691858
*       1082,       1082:     691858,     691858,     691858,     691858
*       1083,       1083:     691858,     691858,     691858,     691858
*       1084,       1084:     691858,     691858,     693455,     695459
*       1085,       1085:     697463,     699467,     701471,     703475
*       1086,       1086:     705479,     707483,     709487,     711491
*       1087,       1087:     713495,     715499,     717503,     719507
*       1088,       1088:     721511,     723515,     725519,     727524
*       1089,       1089:     729528,     731532,     733536,     735540
*       1090,       1090:     737544,     739548,     741552,     743556
*       1091,       1091:     745560,     747564,     749568,     751572
*       1092,       1092:     753576,     755580,     757584,     759588
*       1093,       1093:     761592,     763597,     765601,     767605
*       1094,       1094:     769609,     771613,     773616,     775620
*       1095,       1095:     777624,     779628,     781632,     783637
*       1096,       1096:     785641,     787645,     789649,     791653
*       1097,       1097:     793657,     795661,     797665,     799669
*       1098,       1098:     801673,     803677,     805681,     807685
*       1099,       1099:     809689,     811693,     813697,     815701
*       1100,       1100:     817706,     819710,     821714,     823718
*       1101,       1101:     825722,     827726,     829730,     831734
*       1102,       1102:     833738,     835742,     837746,     839750
*       1103,       1103:     841754,     843758,     845762,     847766
*       1104,       1104:     849770,     851774,     853778,     855783
*       1105,       1105:     857787,     859791,     861795,     863799
*       1106,       1106:     865803,     867807,     869811,     871815
*       1107,       1107:     873819,     875823,     877827,     879831
*       1108,       1108:     881835,     883839,     885843,     887847
*       1109,       1109:     889851,     891856,     893860,     895864
*       1110,       1110:     897868,     899872,     901876,     903880
*       1111,       1111:     905884,     907888,     909892,     911896
*       1112,       1112:     913900,     915904,     917908,     919912
*       1113,       1113:     921916,     923920,     925924,     927929
*       1114,       1114:     929933,     931937,     933941,     935945
*       1115,       1115:     937949,     939952,     941956,     943960
*       1116,       1116:     945965,     947969,     949973,     951977
*       1117,       1117:     953981,     955985,     957989,     959993
*       1118,       1118:     961997,     964002,     966005,     968009
*       1119,       1119:     970013,     972017,     974021,     976025
*       1120,       1120:     978029,     980033,     982037,     984042
*       1121,       1121:     986046,     988050,     990054,     992058
*       1122,       1122:     994062,     996066,     998070,    1000074
*       1123,       1123:    1002078,    1004082,    1006086,    1008090
*       1124,       1124:    1010094,    1012098,    1014102,    1016106
*       1125,       1125:    1018111,    1020115,    1022119,    1024123
*       1126,       1126:    1026127,    1028131,    1030135,    1032139
*       1127,       1127:    1034143,    1036147,    1038151,    1040155
*       1128,       1128:    1042159,    1044163,    1046167,    1048171
*       1129,       1129:    1050175,    1052179,    1054183,    1056188
*       1130,       1130:    1058192,    1060196,    1062200,    1064204
*       1131,       1131:    1066208,    1068212,    1070216,    1072220
*       1132,       1132:    1074224,    1076228,    1078232,    1080236
*       1133,       1133:    1082240,    1084244,    1086248,    1088252
*       1134,       1134:    1090256,    1092261,    1094265,    1096269
*       1135,       1135:    1098273,    1100277,    1102281,    1104284
*       1136,       1136:    1106288,    1108292,    1110297,    1112301
*       1137,       1137:    1114305,    1116309,    1118313,    1120317
*       1138,       1138:    1122321,    1124325,    1126329,    1128333
*       1139,       1139:    1130338,    1132341,    1134345,    1136349
*       1140,       1140:    1138353,    1140357,    1142361,    1144365
*       1141,       1141:    1146370,    1148374,    1150378,    1152382
*       1142,       1142:    1154386,    1156390,    1158394,    1160398
*       1143,       1143:    1162402,    1164406,    1166410,    1168414
*       1144,       1144:    1170418,    1172422,    1174426,    1176430
*       1145,       1145:    1178434,    1180438,    1182442,    1184447
*       1146,       1146:    1186451,    1188455,    1190459,    1192463
*       1147,       1147:    1194467,    1196471,    1198475,    1200479
*       1148,       1148:    1202483,    1204487,    1206491,    1208495
*       1149,       1149:    1210499,    1212503,    1214507,    1216511
*       1150,       1150:    1218516,    1220520,    1222524,    1224528
*       1151,       1151:    1226532,    1228536,    1230540,    1232544
*       1152,       1152:    1234548,    1234961,    1234961,    1234961
*       1153,       1153:    1234961,    1234961,    1234961,    1234961
*       1154,       1154:    1234961,    1234961,    1234961,    1234961
*       1155,       1155:    1234961,    1234961,    1234961,    1234961
*       1156,       1156:    1234961,    1234961,    1234961,    1234961
*       1157,       1157:    1234961,    1234961,    1234961,    1234961
*       1158,       1158:    1234961,    1234961,    1234961,    1234961
*       1159,       1159:    1234961,    1234961,    1234961,    1234961
*       1160,       1160:    1234961,    1234961,    1234961,    1234961
*       1161,       1161:    1234961,    1234961,    1234961,    1234961
*       1162,       1162:    1234961,    1234961,    1234961,    1234961
*       1163,       1163:    1234961,    1234961,    1234961,    1234961
*       1164,       1164:    1234961,    1234961,    1234961,    1234961
*       1165,       1165:    1234961,    1234961,    1234961,    1234961
*       1166,       1166:    1234961,    1234961,    1234961,    1234961
*       1167,       1167:    1234961,    1234961,    1234961,    1234961
*       1168,       1168:    1234961,    1234961,    1234961,    1234961
*       1169,       1169:    1234961,    1234961,    1234961,    1234961
*       1170,       1170:    1234961,    1234961,    1234961,    1234961
*       1171,       1171:    1234961,    1234961,    1234961,    1234961
*       1172,       1172:    1234961,    1234961,    1234961,    1234961
*       1173,       1173:    1234961,    1234961,    1234961,    1234961
*       1174,       1174:    1234961,    1234961,    1234961,    1234961
*       1175,       1175:    1234961,    1234961,    1234961,    1234961
*       1176,       1176:    1234961,    1234961,    1234961,    1234961
*       1177,       1177:    1234961,    1234961,    1234961,    1234961
*       1178,       1178:    1234961,    1234961,    1234961,    1234961
*       1179,       1179:    1234961,    1234961,    1234961,    1234961
*       1180,       1180:    1234961,    1234961,    1234961,    1234961
*       1181,       1181:    1234961,    1234961,    1234961,    1234961
*       1182,       1182:    1234961,    1234961,    1234961,    1234961
*       1183,       1183:    1234961,    1234961,    1234961,    1234961
*       1184,       1184:    1234961,    1234961,    1234961,    1234961
*       1185,       1185:    1234961,    1234961,    1234961,    1234961
*       1186,       1186:    1234961,    1234961,    1234961,    1234961
*       1187,       1187:    1234961,    1234961,    1234961,    1234961
*       1188,       1188:    1234961,    1234961,    1234961,    1234961
*       1189,       1189:    1234961,    1234961,    1234961,    1234961
*       1190,       1190:    1234961,    1234961,    1234961,    1234961
*       1191,       1191:    1234961,    1234961,    1234961,    1234961
*       1192,       1192:    1234961,    1234961,    1234961,    1234961
*       1193,       1193:    1234961,    1234961,    1234961,    1234961
*       1194,       1194:    1234961,    1234961,    1234961,    1234961
*       1195,       1195:    1234961,    1234961,    1234961,    1234961
*       1196,       1196:    1234961,    1234961,    1234961,    1234961
*       1197,       1197:    1234961,    1234961,    1234961,    1234961
*       1198,       1198:    1234961,    1234961,    1234961,    1234961
*       1199,       1199:    1234961,    1234961,    1234961,    1234961
*       1200,       1200:    1234961,    1234961,    1234961,    1234961
*       1201,       1201:    1234961,    1234961,    1234961,    1234961
*       1202,       1202:    1234961,    1234961,    1234961,    1234961
*       1203,       1203:    1234961,    1234961,    1234961,    1234961
*       1204,       1204:    1234961,    1234961,    1234961,    1234961
*       1205,       1205:    1234961,    1234961,    1234961,    1234961
*       1206,       1206:    1234961,    1234961,    1234961,    1234961
*       1207,       1207:    1234961,    1234961,    1234961,    1234961
*       1208,       1208:    1234961,    1234961,    1234961,    1234961
*       1209,       1209:    1234961,    1234961,    1234961,    1234961
*       1210,       1210:    1234961,    1234961,    1234961,    1234961
*       1211,       1211:    1234961,    1234961,    1234961,    1234961
*       1212,       1212:    1234961,    1234961,    1234961,    1234961
*       1213,       1213:    1234961,    1234961,    1234961,    1234961
*       1214,       1214:    1234961,    1234961,    1234961,    1234961
*       1215,       1215:    1234961,    1234961,    1234961,    1234961
*       1216,       1216:    1234961,    1234961,    1234961,    1234961
*       1217,       1217:    1234961,    1234961,    1234961,    1234961
*       1218,       1218:    1234961,    1234961,    1234961,    1234961
*       1219,       1219:    1234961,    1234961,    1234961,    1234961
*       1220,       1220:    1234961,    1234961,    1234961,    1234961
*       1221,       1221:    1234961,    1234961,    1234961,    1234961
*       1222,       1222:    1234961,    1234961,    1234961,    1234961
*       1223,       1223:    1234961,    1234961,    1234961,    1234961
*       1224,       1224:    1234961,    1234961,    1234961,    1234961
*       1225,       1225:    1234961,    1234961,    1234961,    1234961
*       1226,       1226:    1234961,    1234961,    1234961,    1234961
*       1227,       1227:    1234961,    1234961,    1234961,    1234961
*       1228,       1228:    1234961,    1234961,    1234961,    1234961
*       1229,       1229:    1234961,    1234961,    1234961,    1234961
*       1230,       1230:    1234961,    1234961,    1234961,    1234961
*       1231,       1231:    1234961,    1234961,    1234961,    1234961
*       1232,       1232:    1234961,    1234961,    1234961,    1234961
*       1233,       1233:    1234961,    1234961,    1234961,    1234961
*       1234,       1234:    1234961,    1234961,    1234961,    1234961
*       1235,       1235:    1234961,    1234961,    1234961,    1234961
*       1236,       1236:    1234961,    1234961,    1234961,    1234961
*       1237,       1237:    1234961,    1234961,    1234961,    1234961
*       1238,       1238:    1234961,    1234961,    1234961,    1234961
*       1239,       1239:    1234961,    1234961,    1234961,    1234961
*       1240,       1240:    1234961,    1234961,    1234961,    1234961
*       1241,       1241:    1234961,    1234961,    1234961,    1234961
*       1242,       1242:    1234961,    1234961,    1234961,    1234961
*       1243,       1243:    1234961,    1234961,    1234961,    1234961
*       1244,       1244:    1234961,    1234961,    1234961,    1234961
*       1245,       1245:    1234961,    1234961,    1234961,    1234961
*       1246,       1246:    1234961,    1234961,    1234961,    1234961
*       1247,       1247:    1234961,    1234961,    1234961,    1234961
*       1248,       1248:    1234961,    1234961,    1234961,    1234961
*       1249,       1249:    1234961,    1234961,    1234961,    1234961
*       1250,       1250:    1234961,    1234961,    1234961,    1234961
*       1251,       1251:    1234961,    1234961,    1234961,    1234961
*       1252,       1252:    1234961,    1234961,    1234961,    1234961
*       1253,       1253:    1234961,    1234961,    1234961,    1234961
*       1254,       1254:    1234961,    1234961,    1234961,    1234961
*       1255,       1255:    1234961,    1234961,    1234961,    1234961
*       1256,       1256:    1234961,    1234961,    1234961,    1234961
*       1257,       1257:    1234961,    1234961,    1234961,    1234961
*       1258,       1258:    1234961,    1234961,    1234961,    1234961
*       1259,       1259:    1234961,    1234961,    1234961,    1234961
*       1260,       1260:    1234961,    1234961,    1234961,    1234961
*       1261,       1261:    1234961,    1234961,    1234961,    1234961
*       1262,       1262:    1234961,    1234961,    1234961,    1234961
*       1263,       1263:    1234961,    1234961,    1234961,    1234961
*       1264,       1264:    1234961,    1234961,    1234961,    1234961
*       1265,       1265:    1234961,    1234961,    1234961,    1234961
*       1266,       1266:    1234961,    1234961,    1234961,    1234961
*       1267,       1267:    1234961,    1234961,    1234961,    1234961
*       1268,       1268:    1234961,    1234961,    1234961,    1234961
*       1269,       1269:    1234961,    1234961,    1234961,    1234961
*       1270,       1270:    1234961,    1234961,    1234961,    1234961
*       1271,       1271:    1234961,    1234961,    1234961,    1234961
*       1272,       1272:    1234961,    1234961,    1234961,    1234961
*       1273,       1273:    1234961,    1234961,    1234961,    1234961
*       1274,       1274:    1234961,    1234961,    1234961,    1234961
*       1275,       1275:    1234961,    1234961,    1234961,    1234961
*       1276,       1276:    1234961,    1234961,    1234961,    1234961
*       1277,       1277:    1234961,    1234961,    1234961,    1234961
*       1278,       1278:    1234961,    1234961,    1234961,    1234961
*       1279,       1279:    1234961,    1234961,    1234961,    1234961
*       1280,       1280:    1234961,    1234961,    1234961,    1234961
*       1281,       1281:    1234961,    1234961,    1234961,    1234961
*       1282,       1282:    1234961,    1234961,    1234961,    1234961
*       1283,       1283:    1234961,    1234961,    1234961,    1234961
*       1284,       1284:    1234961,    1234961,    1234961,    1234961
*       1285,       1285:    1234961,    1234961,    1234961,    1234961
*       1286,       1286:    1234961,    1234961,    1234961,    1234961
*       1287,       1287:    1234961,    1234961,    1234961,    1234961
*       1288,       1288:    1234961,    1234961,    1234961,    1234961
*       1289,       1289:    1234961,    1234961,    1234961,    1234961
*       1290,       1290:    1234961,    1234961,    1234961,    1234961
*       1291,       1291:    1234961,    1234961,    1234961,    1234961
*       1292,       1292:    1234961,    1234961,    1234961,    1234961
*       1293,       1293:    1234961,    1234961,    1234961,    1234961
*       1294,       1294:    1234961,    1234961,    1234961,    1234961
*       1295,       1295:    1234961,    1234961,    1234961,    1234961
*       1296,       1296:    1234961,    1234961,    1234961,    1234961
*       1297,       1297:    1234961,    1234961,    1234961,    1234961
*       1298,       1298:    1234961,    1234961,    1234961,    1234961
*       1299,       1299:    1234961,    1234961,    1234961,    1234961
*       1300,       1300:    1234961,    1234961,    1234961,    1234961
*       1301,       1301:    1234961,    1234961,    1234961,    1234961
*       1302,       1302:    1234961,    1234961,    1234961,    1234961
*       1303,       1303:    1234961,    1234961,    1234961,    1234961
*       1304,       1304:    1234961,    1234961,    1234961,    1234961
*       1305,       1305:    1234961,    1234961,    1234961,    1234961
*       1306,       1306:    1234961,    1234961,    1234961,    1234961
*       1307,       1307:    1234961,    1234961,    1234961,    1234961
*       1308,       1308:    1234961,    1234961,    1234961,    1234961
*       1309,       1309:    1234961,    1234961,    1234961,    1234961
*       1310,       1310:    1234961,    1234961,    1234961,    1234961
*       1311,       1311:    1234961,    1234961,    1234961,    1234961
*       1312,       1312:    1234961,    1234961,    1234961,    1234961
*       1313,       1313:    1234961,    1234961,    1234961,    1234961
*       1314,       1314:    1234961,    1234961,    1234961,    1234961
*       1315,       1315:    1234961,    1234961,    1234961,    1234961
*       1316,       1316:    1234961,    1234961,    1234961,    1234961
*       1317,       1317:    1234961,    1234961,    1234961,    1234961
*       1318,       1318:    1234961,    1234961,    1234961,    1234961
*       1319,       1319:    1234961,    1234961,    1234961,    1234961
*       1320,       1320:    1234961,    1234961,    1234961,    1234961
*       1321,       1321:    1234961,    1234961,    1234961,    1234961
*       1322,       1322:    1234961,    1234961,    1234961,    1234961
*       1323,       1323:    1234961,    1234961,    1234961,    1234961
*       1324,       1324:    1234961,    1234961,    1234961,    1234961
*       1325,       1325:    1234961,    1234961,    1234961,    1234961
*       1326,       1326:    1234961,    1234961,    1234961,    1234961
*       1327,       1327:    1234961,    1234961,    1234961,    1234961
*       1328,       1328:    1234961,    1234961,    1234961,    1234961
*       1329,       1329:    1234961,    1234961,    1234961,    1234961
*       1330,       1330:    1234961,    1234961,    1234961,    1234961
*       1331,       1331:    1234961,    1234961,    1234961,    1234961
*       1332,       1332:    1234961,    1234961,    1234961,    1234961
*       1333,       1333:    1234961,    1234961,    1234961,    1234961
*       1334,       1334:    1234961,    1234961,    1234961,    1234961
*       1335,       1335:    1234961,    1234961,    1234961,    1234961
*       1336,       1336:    1234961,    1234961,    1234961,    1234961
*       1337,       1337:    1234961,    1234961,    1234961,    1234961
*       1338,       1338:    1234961,    1234961,    1234961,    1234961
*       1339,       1339:    1234961,    1234961,    1234961,    1234961
*       1340,       1340:    1234961,    1234961,    1234961,    1234961
*       1341,       1341:    1234961,    1234961,    1234961,    1234961
*       1342,       1342:    1234961,    1234961,    1234961,    1234961
*       1343,       1343:    1234961,    1234961,    1234961,    1234961
*       1344,       1344:    1234961,    1234961,    1234961,    1234961
*       1345,       1345:    1234961,    1234961,    1234961,    1234961
*       1346,       1346:    1234961,    1234961,    1234961,    1234961
*       1347,       1347:    1234961,    1234961,    1234961,    1234961
*       1348,       1348:    1234961,    1234961,    1234961,    1234961
*       1349,       1349:    1234961,    1234961,    1234961,    1234961
*       1350,       1350:    1234961,    1234961,    1234961,    1234961
*       1351,       1351:    1234961,    1234961,    1234961,    1234961
*       1352,       1352:    1234961,    1234961,    1234961,    1234961
*       1353,       1353:    1234961,    1234961,    1234961,    1234961
*       1354,       1354:    1234961,    1234961,    1234961,    1234961
*       1355,       1355:    1234961,    1234961,    1234961,    1234961
*       1356,       1356:    1234961,    1234961,    1234961,    1234961
*       1357,       1357:    1234961,    1234961,    1234961,    1234961
*       1358,       1358:    1234961,    1234961,    1234961,    1234961
*       1359,       1359:    1234961,    1234961,    1234961,    1234961
*       1360,       1360:    1234961,    1234961,    1234961,    1234961
*       1361,       1361:    1234961,    1234961,    1234961,    1234961
*       1362,       1362:    1234961,    1234961,    1234961,    1234961
*       1363,       1363:    1234961,    1234961,    1234961,    1234961
*       1364,       1364:    1234961,    1234961,    1234961,    1234961
*       1365,       1365:    1234961,    1234961,    1234961,    1234961
*       1366,       1366:    1234961,    1234961,    1234961,    1234961
*       1367,       1367:    1234961,    1234961,    1234961,    1234961
*       1368,       1368:    1234961,    1234961,    1234961,    1234961
*       1369,       1369:    1234961,    1234961,    1234961,    1234961
*       1370,       1370:    1234961,    1234961,    1234961,    1234961
*       1371,       1371:    1234961,    1234961,    1234961,    1234961
*       1372,       1372:    1234961,    1234961,    1234961,    1234961
*       1373,       1373:    1234961,    1234961,    1234961,    1234961
*       1374,       1374:    1234961,    1234961,    1234961,    1234961
*       1375,       1375:    1234961,    1234961,    1234961,    1234961
*       1376,       1376:    1234961,    1234961,    1234961,    1234961
*       1377,       1377:    1234961,    1234961,    1234961,    1234961
*       1378,       1378:    1234961,    1234961,    1234961,    1234961
*       1379,       1379:    1234961,    1234961,    1234961,    1234961
*       1380,       1380:    1234961,    1234961,    1234961,    1234961
*       1381,       1381:    1234961,    1234961,    1234961,    1234961
*       1382,       1382:    1234961,    1234961,    1234961,    1234961
*       1383,       1383:    1234961,    1234961,    1234961,    1234961
*       1384,       1384:    1234961,    1234961,    1234961,    1234961
*       1385,       1385:    1234961,    1234961,    1234961,    1234961
*       1386,       1386:    1234961,    1234961,    1234961,    1234961
*       1387,       1387:    1234961,    1234961,    1234961,    1234961
*       1388,       1388:    1234961,    1234961,    1234961,    1234961
*       1389,       1389:    1234961,    1234961,    1234961,    1234961
*       1390,       1390:    1234961,    1234961,    1234961,    1234961
*       1391,       1391:    1234961,    1234961,    1234961,    1234961
*       1392,       1392:    1234961,    1234961,    1234961,    1234961
*       1393,       1393:    1234961,    1234961,    1234961,    1234961
*       1394,       1394:    1234961,    1234961,    1234961,    1234961
*       1395,       1395:    1234961,    1234961,    1234961,    1234961
*       1396,       1396:    1234961,    1234961,    1234961,    1234961
*       1397,       1397:    1234961,    1234961,    1234961,    1234961
*       1398,       1398:    1234961,    1234961,    1234961,    1234961
*       1399,       1399:    1234961,    1234961,    1234961,    1234961
*       1400,       1400:    1234961,    1234961,    1234961,    1234961
*       1401,       1401:    1234961,    1234961,    1234961,    1234961
*       1402,       1402:    1234961,    1234961,    1234961,    1234961
*       1403,       1403:    1234961,    1234961,    1234961,    1234961
*       1404,       1404:    1234961,    1234961,    1234961,    1234961
*       1405,       1405:    1234961,    1234961,    1234961,    1234961
*       1406,       1406:    1234961,    1234961,    1234961,    1234961
*       1407,       1407:    1234961,    1234961,    1234961,    1234961
*       1408,       1408:    1234961,    1234961,    1234961,    1234961
*       1409,       1409:    1234961,    1234961,    1234961,    1234961
*       1410,       1410:    1234961,    1234961,    1234961,    1234961
*       1411,       1411:    1234961,    1234961,    1234961,    1234961
*       1412,       1412:    1234961,    1234961,    1234961,    1234961
*       1413,       1413:    1234961,    1234961,    1234961,    1234961
*       1414,       1414:    1234961,    1234961,    1234961,    1234961
*       1415,       1415:    1234961,    1234961,    1234961,    1234961
*       1416,       1416:    1234961,    1234961,    1234961,    1234961
*       1417,       1417:    1234961,    1234961,    1234961,    1234961
*       1418,       1418:    1234961,    1234961,    1234961,    1234961
*       1419,       1419:    1234961,    1234961,    1234961,    1234961
*       1420,       1420:    1234961,    1234961,    1234961,    1234961
*       1421,       1421:    1234961,    1234961,    1234961,    1234961
*       1422,       1422:    1234961,    1234961,    1234961,    1234961
*       1423,       1423:    1234961,    1234961,    1234961,    1234961
*       1424,       1424:    1234961,    1234961,    1234961,    1234961
*       1425,       1425:    1234961,    1234961,    1234961,    1234961
*       1426,       1426:    1234961,    1234961,    1234961,    1234961
*       1427,       1427:    1234961,    1234961,    1234961,    1234961
*       1428,       1428:    1234961,    1234961,    1234961,    1234961
*       1429,       1429:    1234961,    1234961,    1234961,    1234961
*       1430,       1430:    1234961,    1234961,    1234961,    1234961
*       1431,       1431:    1234961,    1234961,    1234961,    1234961
*       1432,       1432:    1234961,    1234961,    1234961,    1234961
*       1433,       1433:    1234961,    1234961,    1234961,    1234961
*       1434,       1434:    1234961,    1234961,    1234961,    1234961
*       1435,       1435:    1234961,    1234961,    1234961,    1234961
*       1436,       1436:    1234961,    1234961,    1234961,    1234961
*       1437,       1437:    1234961,    1234961,    1234961,    1234961
*       1438,       1438:    1234961,    1234961,    1234961,    1234961
*       1439,       1439:    1234961,    1234961,    1234961,    1234961
*       1440,       1440:    1234961,    1234961,    1234961,    1234961
*       1441,       1441:    1234961,    1234961,    1234961,    1234961
*       1442,       1442:    1234961,    1234961,    1234961,    1234961
*       1443,       1443:    1234961,    1234961,    1234961,    1234961
*       1444,       1444:    1234961,    1234961,    1234961,    1234961
*       1445,       1445:    1234961,    1234961,    1234961,    1234961
*       1446,       1446:    1234961,    1234961,    1234961,    1234961
*       1447,       1447:    1234961,    1234961,    1234961,    1234961
*       1448,       1448:    1234961,    1234961,    1234961,    1234961
*       1449,       1449:    1234961,    1234961,    1234961,    1234961
*       1450,       1450:    1234961,    1234961,    1234961,    1234961
*       1451,       1451:    1234961,    1234961,    1234961,    1234961
*       1452,       1452:    1234961,    1234961,    1234961,    1234961
*       1453,       1453:    1234961,    1234961,    1234961,    1234961
*       1454,       1454:    1234961,    1234961,    1234961,    1234961
*       1455,       1455:    1234961,    1234961,    1234961,    1234961
*       1456,       1456:    1234961,    1234961,    1234961,    1234961
*       1457,       1457:    1234961,    1234961,    1234961,    1234961
*       1458,       1458:    1234961,    1234961,    1234961,    1234961
*       1459,       1459:    1234961,    1234961,    1234961,    1234961
*       1460,       1460:    1234961,    1234961,    1234961,    1234961
*       1461,       1461:    1234961,    1234961,    1234961,    1234961
*       1462,       1462:    1234961,    1234961,    1234961,    1234961
*       1463,       1463:    1234961,    1234961,    1234961,    1234961
*       1464,       1464:    1234961,    1234961,    1234961,    1234961
*       1465,       1465:    1234961,    1234961,    1234961,    1234961
*       1466,       1466:    1234961,    1234961,    1234961,    1234961
*       1467,       1467:    1234961,    1234961,    1234961,    1234961
*       1468,       1468:    1234961,    1234961,    1234961,    1234961
*       1469,       1469:    1234961,    1234961,    1234961,    1234961
*       1470,       1470:    1234961,    1234961,    1234961,    1234961
*       1471,       1471:    1234961,    1234961,    1234961,    1234961
*       1472,       1472:    1234961,    1234961,    1234961,    1234961
*       1473,       1473:    1234961,    1234961,    1234961,    1234961
*       1474,       1474:    1234961,    1234961,    1234961,    1234961
*       1475,       1475:    1234961,    1234961,    1234961,    1234961
*       1476,       1476:    1234961,    1234961,    1234961,    1234961
*       1477,       1477:    1234961,    1234961,    1234961,    1234961
*       1478,       1478:    1234961,    1234961,    1234961,    1234961
*       1479,       1479:    1234961,    1234961,    1234961,    1234961
*       1480,       1480:    1234961,    1234961,    1234961,    1234961
*       1481,       1481:    1234961,    1234961,    1234961,    1234961
*       1482,       1482:    1234961,    1234961,    1234961,    1234961
*       1483,       1483:    1234961,    1234961,    1234961,    1234961
*       1484,       1484:    1234961,    1234961,    1234961,    1234961
*       1485,       1485:    1234961,    1234961,    1234961,    1234961
*       1486,       1486:    1234961,    1234961,    1234961,    1234961
*       1487,       1487:    1234961,    1234961,    1234961,    1234961
*       1488,       1488:    1234961,    1234961,    1234961,    1234961
*       1489,       1489:    1234961,    1234961,    1234961,    1234961
*       1490,       1490:    1234961,    1234961,    1234961,    1234961
*       1491,       1491:    1234961,    1234961,    1234961,    1234961
*       1492,       1492:    1234961,    1234961,    1234961,    1234961
*       1493,       1493:    1234961,    1234961,    1234961,    1234961
*       1494,       1494:    1234961,    1234961,    1234961,    1234961
*       1495,       1495:    1234961,    1234961,    1234961,    1234961
*       1496,       1496:    1234961,    1234961,    1234961,    1234961
*       1497,       1497:    1234961,    1234961,    1234961,    1234961
*       1498,       1498:    1234961,    1234961,    1234961,    1234961
*       1499,       1499:    1234961,    1234961,    1234961,    1234961
*       1500,       1500:    1234961,    1234961,    1234961,    1234961
*       1501,       1501:    1234961,    1234961,    1234961,    1234961
*       1502,       1502:    1234961,    1234961,    1234961,    1234961
*       1503,       1503:    1234961,    1234961,    1234961,    1234961
*       1504,       1504:    1234961,    1234961,    1234961,    1234961
*       1505,       1505:    1234961,    1234961,    1234961,    1234961
*       1506,       1506:    1234961,    1234961,    1234961,    1234961
*       1507,       1507:    1234961,    1234961,    1234961,    1234961
*       1508,       1508:    1234961,    1234961,    1234961,    1234961
*       1509,       1509:    1234961,    1234961,    1234961,    1234961
*       1510,       1510:    1234961,    1234961,    1234961,    1234961
*       1511,       1511:    1234961,    1234961,    1234961,    1234961
*       1512,       1512:    1234961,    1234961,    1234961,    1234961
*       1513,       1513:    1234961,    1234961,    1234961,    1234961
*       1514,       1514:    1234961,    1234961,    1234961,    1234961
*       1515,       1515:    1234961,    1234961,    1234961,    1234961
*       1516,       1516:    1234961,    1234961,    1234961,    1234961
*       1517,       1517:    1234961,    1234961,    1234961,    1234961
*       1518,       1518:    1234961,    1234961,    1234961,    1234961
*       1519,       1519:    1234961,    1234961,    1234961,    1234961
*       1520,       1520:    1234961,    1234961,    1234961,    1234961
*       1521,       1521:    1234961,    1234961,    1234961,    1234961
*       1522,       1522:    1234961,    1234961,    1234961,    1234961
*       1523,       1523:    1234961,    1234961,    1234961,    1234961
*       1524,       1524:    1234961,    1234961,    1234961,    1234961
*       1525,       1525:    1234961,    1234961,    1234961,    1234961
*       1526,       1526:    1234961,    1234961,    1234961,    1234961
*       1527,       1527:    1234961,    1234961,    1234961,    1234961
*       1528,       1528:    1234961,    1234961,    1234961,    1234961
*       1529,       1529:    1234961,    1234961,    1234961,    1234961
*       1530,       1530:    1234961,    1234961,    1234961,    1234961
*       1531,       1531:    1234961,    1234961,    1234961,    1234961
*       1532,       1532:    1234961,    1234961,    1234961,    1234961
*       1533,       1533:    1234961,    1234961,    1234961,    1234961
*       1534,       1534:    1234961,    1234961,    1234961,    1234961
*       1535,       1535:    1234961,    1234961,    1234961,    1234961
*       1536,       1536:    1234961,    1234961,    1234961,    1234961
*       1537,       1537:    1234961,    1234961,    1234961,    1234961
*       1538,       1538:    1234961,    1234961,    1234961,    1234961
*       1539,       1539:    1234961,    1234961,    1234961,    1234961
*       1540,       1540:    1234961,    1234961,    1234961,    1234961
*       1541,       1541:    1234961,    1234961,    1234961,    1234961
*       1542,       1542:    1234961,    1234961,    1234961,    1234961
*       1543,       1543:    1234961,    1234961,    1234961,    1234961
*       1544,       1544:    1234961,    1234961,    1234961,    1234961
*       1545,       1545:    1234961,    1234961,    1234961,    1234961
*       1546,       1546:    1234961,    1234961,    1234961,    1234961
*       1547,       1547:    1234961,    1234961,    1234961,    1234961
*       1548,       1548:    1234961,    1234961,    1234961,    1234961
*       1549,       1549:    1234961,    1234961,    1234961,    1234961
*       1550,       1550:    1234961,    1234961,    1234961,    1234961
*       1551,       1551:    1234961,    1234961,    1234961,    1234961
*       1552,       1552:    1234961,    1234961,    1234961,    1234961
*       1553,       1553:    1234961,    1234961,    1234961,    1234961
*       1554,       1554:    1234961,    1234961,    1234961,    1234961
*       1555,       1555:    1234961,    1234961,    1234961,    1234961
*       1556,       1556:    1234961,    1234961,    1234961,    1234961
*       1557,       1557:    1234961,    1234961,    1234961,    1234961
*       1558,       1558:    1234961,    1234961,    1234961,    1234961
*       1559,       1559:    1234961,    1234961,    1234961,    1234961
*       1560,       1560:    1234961,    1234961,    1234961,    1234961
*       1561,       1561:    1234961,    1234961,    1234961,    1234961
*       1562,       1562:    1234961,    1234961,    1234961,    1234961
*       1563,       1563:    1234961,    1234961,    1234961,    1234961
*       1564,       1564:    1234961,    1234961,    1234961,    1234961
*       1565,       1565:    1234961,    1234961,    1234961,    1234961
*       1566,       1566:    1234961,    1234961,    1234961,    1234961
*       1567,       1567:    1234961,    1234961,    1234961,    1234961
*       1568,       1568:    1234961,    1234961,    1234961,    1234961
*       1569,       1569:    1234961,    1234961,    1234961,    1234961
*       1570,       1570:    1234961,    1234961,    1234961,    1234961
*       1571,       1571:    1234961,    1234961,    1234961,    1234961
*       1572,       1572:    1234961,    1234961,    1234961,    1234961
*       1573,       1573:    1234961,    1234961,    1234961,    1234961
*       1574,       1574:    1234961,    1234961,    1234961,    1234961
*       1575,       1575:    1234961,    1234961,    1234961,    1234961
*       1576,       1576:    1234961,    1234961,    1234961,    1234961
*       1577,       1577:    1234961,    1234961,    1234961,    1234961
*       1578,       1578:    1234961,    1234961,    1234961,    1234961
*       1579,       1579:    1234961,    1234961,    1234961,    1234961
*       1580,       1580:    1234961,    1234961,    1234961,    1234961
*       1581,       1581:    1234961,    1234961,    1234961,    1234961
*       1582,       1582:    1234961,    1234961,    1234961,    1234961
*       1583,       1583:    1234961,    1234961,    1234961,    1234961
*       1584,       1584:    1234961,    1234961,    1234961,    1234961
*       1585,       1585:    1234961,    1234961,    1234961,    1234961
*       1586,       1586:    1234961,    1234961,    1234961,    1234961
*       1587,       1587:    1234961,    1234961,    1234961,    1234961
*       1588,       1588:    1234961,    1234961,    1234961,    1234961
*       1589,       1589:    1234961,    1234961,    1234961,    1234961
*       1590,       1590:    1234961,    1234961,    1234961,    1234961
*       1591,       1591:    1234961,    1234961,    1234961,    1234961
*       1592,       1592:    1234961,    1234961,    1234961,    1234961
*       1593,       1593:    1234961,    1234961,    1234961,    1234961
*       1594,       1594:    1234961,    1234961,    1234961,    1234961
*       1595,       1595:    1234961,    1234961,    1234961,    1234961
*       1596,       1596:    1234961,    1234961,    1234961,    1234961
*       1597,       1597:    1234961,    1234961,    1234961,    1234961
*       1598,       1598:    1234961,    1234961,    1234961,    1234961
*       1599,       1599:    1234961,    1234961,    1234961,    1234961
*       1600,       1600:    1234961,    1234961,    1234961,    1234961
*       1601,       1601:    1234961,    1234961,    1234961,    1234961
*       1602,       1602:    1234961,    1234961,    1234961,    1234961
*       1603,       1603:    1234961,    1234961,    1234961,    1234961
*       1604,       1604:    1234961,    1234961,    1234961,    1234961
*       1605,       1605:    1234961,    1234961,    1234961,    1234961
*       1606,       1606:    1234961,    1234961,    1234961,    1234961
*       1607,       1607:    1234961,    1234961,    1234961,    1234961
*       1608,       1608:    1234961,    1234961,    1234961,    1234961
*       1609,       1609:    1234961,    1234961,    1234961,    1234961
*       1610,       1610:    1234961,    1234961,    1234961,    1234961
*       1611,       1611:    1234961,    1234961,    1234961,    1234961
*       1612,       1612:    1234961,    1234961,    1234961,    1234961
*       1613,       1613:    1234961,    1234961,    1234961,    1234961
*       1614,       1614:    1234961,    1234961,    1234961,    1234961
*       1615,       1615:    1234961,    1234961,    1234961,    1234961
*       1616,       1616:    1234961,    1234961,    1234961,    1234961
*       1617,       1617:    1234961,    1234961,    1234961,    1234961
*       1618,       1618:    1234961,    1234961,    1234961,    1234961
*       1619,       1619:    1234961,    1234961,    1234961,    1234961
*       1620,       1620:    1234961,    1234961,    1234961,    1234961
*       1621,       1621:    1234961,    1234961,    1234961,    1234961
*       1622,       1622:    1234961,    1234961,    1234961,    1234961
*       1623,       1623:    1234961,    1234961,    1234961,    1234961
*       1624,       1624:    1234961,    1234961,    1234961,    1234961
*       1625,       1625:    1234961,    1234961,    1234961,    1234961
*       1626,       1626:    1234961,    1234961,    1234961,    1234961
*       1627,       1627:    1234961,    1234961,    1234961,    1234961
*       1628,       1628:    1234961,    1234961,    1234961,    1234961
*       1629,       1629:    1234961,    1234961,    1234961,    1234961
*       1630,       1630:    1234961,    1234961,    1234961,    1234961
*       1631,       1631:    1234961,    1234961,    1234961,    1234961
*       1632,       1632:    1234961,    1234961,    1234961,    1234961
*       1633,       1633:    1234961,    1234961,    1234961,    1234961
*       1634,       1634:    1234961,    1234961,    1234961,    1234961
*       1635,       1635:    1234961,    1234961,    1234961,    1234961
*       1636,       1636:    1234961,    1234961,    1234961,    1234961
*       1637,       1637:    1234961,    1234961,    1234961,    1234961
*       1638,       1638:    1234961,    1234961,    1234961,    1234961
*       1639,       1639:    1234961,    1234961,    1234961,    1234961
*       1640,       1640:    1234961,    1234961,    1234961,    1234961
*       1641,       1641:    1234961,    1234961,    1234961,    1234961
*       1642,       1642:    1234961,    1234961,    1234961,    1234961
*       1643,       1643:    1234961,    1234961,    1234961,    1234961
*       1644,       1644:    1234961,    1234961,    1234961,    1234961
*       1645,       1645:    1234961,    1234961,    1234961,    1234961
*       1646,       1646:    1234961,    1234961,    1234961,    1234961
*       1647,       1647:    1234961,    1234961,    1234961,    1234961
*       1648,       1648:    1234961,    1234961,    1234961,    1234961
*       1649,       1649:    1234961,    1234961,    1234961,    1234961
*       1650,       1650:    1234961,    1234961,    1234961,    1234961
*       1651,       1651:    1234961,    1234961,    1234961,    1234961
*       1652,       1652:    1234961,    1234961,    1234961,    1234961
*       1653,       1653:    1234961,    1234961,    1234961,    1234961
*       1654,       1654:    1234961,    1234961,    1234961,    1234961
*       1655,       1655:    1234961,    1234961,    1234961,    1234961
*       1656,       1656:    1234961,    1234961,    1234961,    1234961
*       1657,       1657:    1234961,    1234961,    1234961,    1234961
*       1658,       1658:    1234961,    1234961,    1234961,    1234961
*       1659,       1659:    1234961,    1234961,    1234961,    1234961
*       1660,       1660:    1234961,    1234961,    1234961,    1234961
*       1661,       1661:    1234961,    1234961,    1234961,    1234961
*       1662,       1662:    1234961,    1234961,    1234961,    1234961
*       1663,       1663:    1234961,    1234961,    1234961,    1234961
*       1664,       1664:    1234961,    1234961,    1234961,    1234961
*       1665,       1665:    1234961,    1234961,    1234961,    1234961
*       1666,       1666:    1234961,    1234961,    1234961,    1234961
*       1667,       1667:    1234961,    1234961,    1234961,    1234961
*       1668,       1668:    1234961,    1234961,    1234961,    1234961
*       1669,       1669:    1234961,    1234961,    1234961,    1234961
*       1670,       1670:    1234961,    1234961,    1234961,    1234961
*       1671,       1671:    1234961,    1234961,    1234961,    1234961
*       1672,       1672:    1234961,    1234961,    1234961,    1234961
*       1673,       1673:    1234961,    1234961,    1234961,    1234961
*       1674,       1674:    1234961,    1234961,    1234961,    1234961
*       1675,       1675:    1234961,    1234961,    1234961,    1234961
*       1676,       1676:    1234961,    1234961,    1234961,    1234961
*       1677,       1677:    1234961,    1234961,    1234961,    1234961
*       1678,       1678:    1234961,    1234961,    1234961,    1234961
*       1679,       1679:    1234961,    1234961,    1234961,    1234961
*       1680,       1680:    1234961,    1234961,    1234961,    1234961
*       1681,       1681:    1234961,    1234961,    1234961,    1234961
*       1682,       1682:    1234961,    1234961,    1234961,    1234961
*       1683,       1683:    1234961,    1234961,    1234961,    1234961
*       1684,       1684:    1234961,    1234961,    1234961,    1234961
*       1685,       1685:    1234961,    1234961,    1234961,    1234961
*       1686,       1686:    1234961,    1234961,    1234961,    1234961
*       1687,       1687:    1234961,    1234961,    1234961,    1234961
*       1688,       1688:    1234961,    1234961,    1234961,    1234961
*       1689,       1689:    1234961,    1234961,    1234961,    1234961
*       1690,       1690:    1234961,    1234961,    1234961,    1234961
*       1691,       1691:    1234961,    1234961,    1234961,    1234961
*       1692,       1692:    1234961,    1234961,    1234961,    1234961
*       1693,       1693:    1234961,    1234961,    1234961,    1234961
*       1694,       1694:    1234961,    1234961,    1234961,    1234961
*       1695,       1695:    1234961,    1234961,    1234961,    1234961
*       1696,       1696:    1234961,    1234961,    1234961,    1234961
*       1697,       1697:    1234961,    1234961,    1234961,    1234961
*       1698,       1698:    1234961,    1234961,    1234961,    1234961
*       1699,       1699:    1234961,    1234961,    1234961,    1234961
*       1700,       1700:    1234961,    1234961,    1234961,    1234961
*       1701,       1701:    1234961,    1234961,    1234961,    1234961
*       1702,       1702:    1234961,    1234961,    1234961,    1234961
*       1703,       1703:    1234961,    1234961,    1234961,    1234961
*       1704,       1704:    1234961,    1234961,    1234961,    1234961
*       1705,       1705:    1234961,    1234961,    1234961,    1234961
*       1706,       1706:    1234961,    1234961,    1234961,    1234961
*       1707,       1707:    1234961,    1234961,    1234961,    1234961
*       1708,       1708:    1234961,    1234961,    1234961,    1234961
*       1709,       1709:    1234961,    1234961,    1234961,    1234961
*       1710,       1710:    1234961,    1234961,    1234961,    1234961
*       1711,       1711:    1234961,    1234961,    1234961,    1234961
*       1712,       1712:    1234961,    1234961,    1234961,    1234961
*       1713,       1713:    1234961,    1234961,    1234961,    1234961
*       1714,       1714:    1234961,    1234961,    1234961,    1234961
*       1715,       1715:    1234961,    1234961,    1234961,    1234961
*       1716,       1716:    1234961,    1234961,    1234961,    1234961
*       1717,       1717:    1234961,    1234961,    1234961,    1234961
*       1718,       1718:    1234961,    1234961,    1234961,    1234961
*       1719,       1719:    1234961,    1234961,    1234961,    1234961
*       1720,       1720:    1234961,    1234961,    1234961,    1234961
*       1721,       1721:    1234961,    1234961,    1234961,    1234961
*       1722,       1722:    1234961,    1234961,    1234961,    1234961
*       1723,       1723:    1234961,    1234961,    1234961,    1234961
*       1724,       1724:    1234961,    1234961,    1234961,    1234961
*       1725,       1725:    1234961,    1234961,    1234961,    1234961
*       1726,       1726:    1234961,    1234961,    1234961,    1234961
*       1727,       1727:    1234961,    1234961,    1234961,    1234961
*       1728,       1728:    1234961,    1234961,    1234961,    1234961
*       1729,       1729:    1234961,    1234961,    1234961,    1234961
*       1730,       1730:    1234961,    1234961,    1234961,    1234961
*       1731,       1731:    1234961,    1234961,    1234961,    1234961
*       1732,       1732:    1234961,    1234961,    1234961,    1234961
*       1733,       1733:    1234961,    1234961,    1234961,    1234961
*       1734,       1734:    1234961,    1234961,    1234961,    1234961
*       1735,       1735:    1234961,    1234961,    1234961,    1234961
*       1736,       1736:    1234961,    1234961,    1234961,    1234961
*       1737,       1737:    1234961,    1234961,    1234961,    1234961
*       1738,       1738:    1234961,    1234961,    1234961,    1234961
*       1739,       1739:    1234961,    1234961,    1234961,    1234961
*       1740,       1740:    1234961,    1234961,    1234961,    1234961
*       1741,       1741:    1234961,    1234961,    1234961,    1234961
*       1742,       1742:    1234961,    1234961,    1234961,    1234961
*       1743,       1743:    1234961,    1234961,    1234961,    1234961
*       1744,       1744:    1234961,    1234961,    1234961,    1234961
*       1745,       1745:    1234961,    1234961,    1234961,    1234961
*       1746,       1746:    1234961,    1234961,    1234961,    1234961
*       1747,       1747:    1234961,    1234961,    1234961,    1234961
*       1748,       1748:    1234961,    1234961,    1234961,    1234961
*       1749,       1749:    1234961,    1234961,    1234961,    1234961
*       1750,       1750:    1234961,    1234961,    1234961,    1234961
*       1751,       1751:    1234961,    1234961,    1234961,    1234961
*       1752,       1752:    1234961,    1234961,    1234961,    1234961
*       1753,       1753:    1234961,    1234961,    1234961,    1234961
*       1754,       1754:    1234961,    1234961,    1234961,    1234961
*       1755,       1755:    1234961,    1234961,    1234961,    1234961
*       1756,       1756:    1234961,    1234961,    1234961,    1234961
*       1757,       1757:    1234961,    1234961,    1234961,    1234961
*       1758,       1758:    1234961,    1234961,    1234961,    1234961
*       1759,       1759:    1234961,    1234961,    1234961,    1234961
*       1760,       1760:    1234961,    1234961,    1234961,    1234961
*       1761,       1761:    1234961,    1234961,    1234961,    1234961
*       1762,       1762:    1234961,    1234961,    1234961,    1234961
*       1763,       1763:    1234961,    1234961,    1234961,    1234961
*       1764,       1764:    1234961,    1234961,    1234961,    1234961
*       1765,       1765:    1234961,    1234961,    1234961,    1234961
*       1766,       1766:    1234961,    1234961,    1234961,    1234961
*       1767,       1767:    1234961,    1234961,    1234961,    1234961
*       1768,       1768:    1234961,    1234961,    1234961,    1234961
*       1769,       1769:    1234961,    1234961,    1234961,    1234961
*       1770,       1770:    1234961,    1234961,    1234961,    1234961
*       1771,       1771:    1234961,    1234961,    1234961,    1234961
*       1772,       1772:    1234961,    1234961,    1234961,    1234961
*       1773,       1773:    1234961,    1234961,    1234961,    1234961
*       1774,       1774:    1234961,    1234961,    1234961,    1234961
*       1775,       1775:    1234961,    1234961,    1234961,    1234961
*       1776,       1776:    1234961,    1234961,    1234961,    1234961
*       1777,       1777:    1234961,    1234961,    1234961,    1234961
*       1778,       1778:    1234961,    1234961,    1234961,    1234961
*       1779,       1779:    1234961,    1234961,    1234961,    1234961
*       1780,       1780:    1234961,    1234961,    1234961,    1234961
*       1781,       1781:    1234961,    1234961,    1234961,    1234961
*       1782,       1782:    1234961,    1234961,    1234961,    1234961
*       1783,       1783:    1234961,    1234961,    1234961,    1234961
*       1784,       1784:    1234961,    1234961,    1234961,    1234961
*       1785,       1785:    1234961,    1234961,    1234961,    1234961
*       1786,       1786:    1234961,    1234961,    1234961,    1234961
*       1787,       1787:    1234961,    1234961,    1234961,    1234961
*       1788,       1788:    1234961,    1234961,    1234961,    1234961
*       1789,       1789:    1234961,    1234961,    1234961,    1234961
*       1790,       1790:    1234961,    1234961,    1234961,    1234961
*       1791,       1791:    1234961,    1234961,    1234961,    1234961
*       1792,       1792:    1234961,    1234961,    1234961,    1234961
*       1793,       1793:    1234961,    1234961,    1234961,    1234961
*       1794,       1794:    1234961,    1234961,    1234961,    1234961
*       1795,       1795:    1234961,    1234961,    1234961,    1234961
*       1796,       1796:    1234961,    1234961,    1234961,    1234961
*       1797,       1797:    1234961,    1234961,    1234961,    1234961
*       1798,       1798:    1234961,    1234961,    1234961,    1234961
*       1799,       1799:    1234961,    1234961,    1234961,    1234961
*       1800,       1800:    1234961,    1234961,    1234961,    1234961
*       1801,       1801:    1234961,    1234961,    1234961,    1234961
*       1802,       1802:    1234961,    1234961,    1234961,    1234961
*       1803,       1803:    1234961,    1234961,    1234961,    1234961
*       1804,       1804:    1234961,    1234961,    1234961,    1234961
*       1805,       1805:    1234961,    1234961,    1234961,    1234961
*       1806,       1806:    1234961,    1234961,    1234961,    1234961
*       1807,       1807:    1234961,    1234961,    1234961,    1234961
*       1808,       1808:    1234961,    1234961,    1234961,    1234961
*       1809,       1809:    1234961,    1234961,    1234961,    1234961
*       1810,       1810:    1234961,    1234961,    1234961,    1234961
*       1811,       1811:    1234961,    1234961,    1234961,    1234961
*       1812,       1812:    1234961,    1234961,    1234961,    1234961
*       1813,       1813:    1234961,    1234961,    1234961,    1234961
*       1814,       1814:    1234961,    1234961,    1234961,    1234961
*       1815,       1815:    1234961,    1234961,    1234961,    1234961
*       1816,       1816:    1234961,    1234961,    1234961,    1234961
*       1817,       1817:    1234961,    1234961,    1234961,    1234961
*       1818,       1818:    1234961,    1234961,    1234961,    1234961
*       1819,       1819:    1234961,    1234961,    1234961,    1234961
*       1820,       1820:    1234961,    1234961,    1234961,    1234961
*       1821,       1821:    1234961,    1234961,    1234961,    1234961
*       1822,       1822:    1234961,    1234961,    1234961,    1234961
*       1823,       1823:    1234961,    1234961,    1234961,    1234961
*       1824,       1824:    1234961,    1234961,    1234961,    1234961
*       1825,       1825:    1234961,    1234961,    1234961,    1234961
*       1826,       1826:    1234961,    1234961,    1234961,    1234961
*       1827,       1827:    1234961,    1234961,    1234961,    1234961
*       1828,       1828:    1234961,    1234961,    1234961,    1234961
*       1829,       1829:    1234961,    1234961,    1234961,    1234961
*       1830,       1830:    1234961,    1234961,    1234961,    1234961
*       1831,       1831:    1234961,    1234961,    1234961,    1234961
*       1832,       1832:    1234961,    1234961,    1234961,    1234961
*       1833,       1833:    1234961,    1234961,    1234961,    1234961
*       1834,       1834:    1234961,    1234961,    1234961,    1234961
*       1835,       1835:    1234961,    1234961,    1234961,    1234961
*       1836,       1836:    1234961,    1234961,    1234961,    1234961
*       1837,       1837:    1234961,    1234961,    1234961,    1234961
*       1838,       1838:    1234961,    1234961,    1234961,    1234961
*       1839,       1839:    1234961,    1234961,    1234961,    1234961
*       1840,       1840:    1234961,    1234961,    1234961,    1234961
*       1841,       1841:    1234961,    1234961,    1234961,    1234961
*       1842,       1842:    1234961,    1234961,    1234961,    1234961
*       1843,       1843:    1234961,    1234961,    1234961,    1234961
*       1844,       1844:    1234961,    1234961,    1234961,    1234961
*       1845,       1845:    1234961,    1234961,    1234961,    1234961
*       1846,       1846:    1234961,    1234961,    1234961,    1234961
*       1847,       1847:    1234961,    1234961,    1234961,    1234961
*       1848,       1848:    1234961,    1234961,    1234961,    1234961
*       1849,       1849:    1234961,    1234961,    1234961,    1234961
*       1850,       1850:    1234961,    1234961,    1234961,    1234961
*       1851,       1851:    1234961,    1234961,    1234961,    1234961
*       1852,       1852:    1234961,    1234961,    1234961,    1234961
*       1853,       1853:    1234961,    1234961,    1234961,    1234961
*       1854,       1854:    1234961,    1234961,    1234961,    1234961
*       1855,       1855:    1234961,    1234961,    1234961,    1234961
*       1856,       1856:    1234961,    1234961,    1234961,    1234961
*       1857,       1857:    1234961,    1234961,    1234961,    1234961
*       1858,       1858:    1234961,    1234961,    1234961,    1234961
*       1859,       1859:    1234961,    1234961,    1234961,    1234961
*       1860,       1860:    1234961,    1234961,    1234961,    1234961
*       1861,       1861:    1234961,    1234961,    1234961,    1234961
*       1862,       1862:    1234961,    1234961,    1234961,    1234961
*       1863,       1863:    1234961,    1234961,    1234961,    1234961
*       1864,       1864:    1234961,    1234961,    1234961,    1234961
*       1865,       1865:    1234961,    1234961,    1234961,    1234961
*       1866,       1866:    1234961,    1234961,    1234961,    1234961
*       1867,       1867:    1234961,    1234961,    1234961,    1234961
*       1868,       1868:    1234961,    1234961,    1234961,    1234961
*       1869,       1869:    1234961,    1234961,    1234961,    1234961
*       1870,       1870:    1234961,    1234961,    1234961,    1234961
*       1871,       1871:    1234961,    1234961,    1234961,    1234961
*       1872,       1872:    1234961,    1234961,    1234961,    1234961
*       1873,       1873:    1234961,    1234961,    1234961,    1234961
*       1874,       1874:    1234961,    1234961,    1234961,    1234961
*       1875,       1875:    1234961,    1234961,    1234961,    1234961
*       1876,       1876:    1234961,    1234961,    1234961,    1234961
*       1877,       1877:    1234961,    1234961,    1234961,    1234961
*       1878,       1878:    1234961,    1234961,    1234961,    1234961
*       1879,       1879:    1234961,    1234961,    1234961,    1234961
*       1880,       1880:    1234961,    1234961,    1234961,    1234961
*       1881,       1881:    1234961,    1234961,    1234961,    1234961
*       1882,       1882:    1234961,    1234961,    1234961,    1234961
*       1883,       1883:    1234961,    1234961,    1234961,    1234961
*       1884,       1884:    1234961,    1234961,    1234961,    1234961
*       1885,       1885:    1234961,    1234961,    1234961,    1234961
*       1886,       1886:    1234961,    1234961,    1234961,    1234961
*       1887,       1887:    1234961,    1234961,    1234961,    1234961
*       1888,       1888:    1234961,    1234961,    1234961,    1234961
*       1889,       1889:    1234961,    1234961,    1234961,    1234961
*       1890,       1890:    1234961,    1234961,    1234961,    1234961
*       1891,       1891:    1234961,    1234961,    1234961,    1234961
*       1892,       1892:    1234961,    1234961,    1234961,    1234961
*       1893,       1893:    1234961,    1234961,    1234961,    1234961
*       1894,       1894:    1234961,    1234961,    1234961,    1234961
*       1895,       1895:    1234961,    1234961,    1234961,    1234961
*       1896,       1896:    1234961,    1234961,    1234961,    1234961
*       1897,       1897:    1234961,    1234961,    1234961,    1234961
*       1898,       1898:    1234961,    1234961,    1234961,    1234961
*       1899,       1899:    1234961,    1234961,    1234961,    1234961
*       1900,       1900:    1234961,    1234961,    1234961,    1234961
*       1901,       1901:    1234961,    1234961,    1234961,    1234961
*       1902,       1902:    1234961,    1234961,    1234961,    1234961
*       1903,       1903:    1234961,    1234961,    1234961,    1234961
*       1904,       1904:    1234961,    1234961,    1234961,    1234961
*       1905,       1905:    1234961,    1234961,    1234961,    1234961
*       1906,       1906:    1234961,    1234961,    1234961,    1234961
*       1907,       1907:    1234961,    1234961,    1234961,    1234961
*       1908,       1908:    1234961,    1234961,    1234961,    1234961
*       1909,       1909:    1234961,    1234961,    1234961,    1234961
*       1910,       1910:    1234961,    1234961,    1234961,    1234961
*       1911,       1911:    1234961,    1234961,    1234961,    1234961
*       1912,       1912:    1234961,    1234961,    1234961,    1234961
*       1913,       1913:    1234961,    1234961,    1234961,    1234961
*       1914,       1914:    1234961,    1234961,    1234961,    1234961
*       1915,       1915:    1234961,    1234961,    1234961,    1234961
*       1916,       1916:    1234961,    1234961,    1234961,    1234961
*       1917,       1917:    1234961,    1234961,    1234961,    1234961
*       1918,       1918:    1234961,    1234961,    1234961,    1234961
*       1919,       1919:    1234961,    1234961,    1234961,    1234961
*       1920,       1920:    1234961,    1234961,    1234961,    1234961
*       1921,       1921:    1234961,    1234961,    1234961,    1234961
*       1922,       1922:    1234961,    1234961,    1234961,    1234961
*       1923,       1923:    1234961,    1234961,    1234961,    1234961
*       1924,       1924:    1234961,    1234961,    1234961,    1234961
*       1925,       1925:    1234961,    1234961,    1234961,    1234961
*       1926,       1926:    1234961,    1234961,    1234961,    1234961
*       1927,       1927:    1234961,    1234961,    1234961,    1234961
*       1928,       1928:    1234961,    1234961,    1234961,    1234961
*       1929,       1929:    1234961,    1234961,    1234961,    1234961
*       1930,       1930:    1234961,    1234961,    1234961,    1234961
*       1931,       1931:    1234961,    1234961,    1234961,    1234961
*       1932,       1932:    1234961,    1234961,    1234961,    1234961
*       1933,       1933:    1234961,    1234961,    1234961,    1234961
*       1934,       1934:    1234961,    1234961,    1234961,    1234961
*       1935,       1935:    1234961,    1234961,    1234961,    1234961
*       1936,       1936:    1234961,    1234961,    1234961,    1234961
*       1937,       1937:    1234961,    1234961,    1234961,    1234961
*       1938,       1938:    1234961,    1234961,    1234961,    1234961
*       1939,       1939:    1234961,    1234961,    1234961,    1234961
*       1940,       1940:    1234961,    1234961,    1234961,    1234961
*       1941,       1941:    1234961,    1234961,    1234961,    1234961
*       1942,       1942:    1234961,    1234961,    1234961,    1234961
*       1943,       1943:    1234961,    1234961,    1234961,    1234961
*       1944,       1944:    1234961,    1234961,    1234961,    1234961
*       1945,       1945:    1234961,    1234961,    1234961,    1234961
*       1946,       1946:    1234961,    1234961,    1234961,    1234961
*       1947,       1947:    1234961,    1234961,    1234961,    1234961
*       1948,       1948:    1234961,    1234961,    1234961,    1234961
*       1949,       1949:    1234961,    1234961,    1234961,    1234961
*       1950,       1950:    1234961,    1234961,    1234961,    1234961
*       1951,       1951:    1234961,    1234961,    1234961,    1234961
*       1952,       1952:    1234961,    1234961,    1234961,    1234961
*       1953,       1953:    1234961,    1234961,    1234961,    1234961
*       1954,       1954:    1234961,    1234961,    1234961,    1234961
*       1955,       1955:    1234961,    1234961,    1234961,    1234961
*       1956,       1956:    1234961,    1234961,    1234961,    1234961
*       1957,       1957:    1234961,    1234961,    1234961,    1234961
*       1958,       1958:    1234961,    1234961,    1234961,    1234961
*       1959,       1959:    1234961,    1234961,    1234961,    1234961
*       1960,       1960:    1234961,    1234961,    1234961,    1234961
*       1961,       1961:    1234961,    1234961,    1234961,    1234961
*       1962,       1962:    1234961,    1234961,    1234961,    1234961
*       1963,       1963:    1234961,    1234961,    1234961,    1234961
*       1964,       1964:    1234961,    1234961,    1234961,    1234961
*       1965,       1965:    1234961,    1234961,    1234961,    1234961
*       1966,       1966:    1234961,    1234961,    1234961,    1234961
*       1967,       1967:    1234961,    1234961,    1234961,    1234961
*       1968,       1968:    1234961,    1234961,    1234961,    1234961
*       1969,       1969:    1234961,    1234961,    1234961,    1234961
*       1970,       1970:    1234961,    1234961,    1234961,    1234961
*       1971,       1971:    1234961,    1234961,    1234961,    1234961
*       1972,       1972:    1234961,    1234961,    1234961,    1234961
*       1973,       1973:    1234961,    1234961,    1234961,    1234961
*       1974,       1974:    1234961,    1234961,    1234961,    1234961
*       1975,       1975:    1234961,    1234961,    1234961,    1234961
*       1976,       1976:    1234961,    1234961,    1234961,    1234961
*       1977,       1977:    1234961,    1234961,    1234961,    1234961
*       1978,       1978:    1234961,    1234961,    1234961,    1234961
*       1979,       1979:    1234961,    1234961,    1234961,    1234961
*       1980,       1980:    1234961,    1234961,    1234961,    1234961
*       1981,       1981:    1234961,    1234961,    1234961,    1234961
*       1982,       1982:    1234961,    1234961,    1234961,    1234961
*       1983,       1983:    1234961,    1234961,    1234961,    1234961
*       1984,       1984:    1234961,    1234961,    1234961,    1234961
*       1985,       1985:    1234961,    1234961,    1234961,    1234961
*       1986,       1986:    1234961,    1234961,    1234961,    1234961
*       1987,       1987:    1234961,    1234961,    1234961,    1234961
*       1988,       1988:    1234961,    1234961,    1234961,    1234961
*       1989,       1989:    1234961,    1234961,    1234961,    1234961
*       1990,       1990:    1234961,    1234961,    1234961,    1234961
*       1991,       1991:    1234961,    1234961,    1234961,    1234961
*       1992,       1992:    1234961,    1234961,    1234961,    1234961
*       1993,       1993:    1234961,    1234961,    1234961,    1234961
*       1994,       1994:    1234961,    1234961,    1234961,    1234961
*       1995,       1995:    1234961,    1234961,    1234961,    1234961
*       1996,       1996:    1234961,    1234961,    1234961,    1234961
*       1997,       1997:    1234961,    1234961,    1234961,    1234961
*       1998,       1998:    1234961,    1234961,    1234961,    1234961
*       1999,       1999:    1234961,    1234961,    1234961,    1234961
*       2000,       2000:    1234961,    1234961,    1234961,    1234961
*       2001,       2001:    1234961,    1234961,    1234961,    1234961
*       2002,       2002:    1234961,    1234961,    1234961,    1234961
*       2003,       2003:    1234961,    1234961,    1234961,    1234961
*       2004,       2004:    1234961,    1234961,    1234961,    1234961
*       2005,       2005:    1234961,    1234961,    1234961,    1234961
*       2006,       2006:    1234961,    1234961,    1234961,    1234961
*       2007,       2007:    1234961,    1234961,    1234961,    1234961
*       2008,       2008:    1234961,    1234961,    1234961,    1234961
*       2009,       2009:    1234961,    1234961,    1234961,    1234961
*       2010,       2010:    1234961,    1234961,    1234961,    1234961
*       2011,       2011:    1234961,    1234961,    1234961,    1234961
*       2012,       2012:    1234961,    1234961,    1234961,    1234961
*       2013,       2013:    1234961,    1234961,    1234961,    1234961
*       2014,       2014:    1234961,    1234961,    1234961,    1234961
*       2015,       2015:    1234961,    1234961,    1234961,    1234961
*       2016,       2016:    1234961,    1234961,    1234961,    1234961
*       2017,       2017:    1234961,    1234961,    1234961,    1234961
*       2018,       2018:    1234961,    1234961,    1234961,    1234961
*       2019,       2019:    1234961,    1234961,    1234961,    1234961
*       2020,       2020:    1234961,    1234961,    1234961,    1234961
*       2021,       2021:    1234961,    1234961,    1234961,    1234961
*       2022,       2022:    1234961,    1234961,    1234961,    1234961
*       2023,       2023:    1234961,    1234961,    1234961,    1234961
*       2024,       2024:    1234961,    1234961,    1234961,    1234961
*       2025,       2025:    1234961,    1234961,    1234961,    1234961
*       2026,       2026:    1234961,    1234961,    1234961,    1234961
*       2027,       2027:    1234961,    1234961,    1234961,    1234961
*       2028,       2028:    1234961,    1234961,    1234961,    1234961
*       2029,       2029:    1234961,    1234961,    1234961,    1234961
*       2030,       2030:    1234961,    1234961,    1234961,    1234961
*       2031,       2031:    1234961,    1234961,    1234961,    1234961
*       2032,       2032:    1234961,    1234961,    1234961,    1234961
*       2033,       2033:    1234961,    1234961,    1234961,    1234961
*       2034,       2034:    1234961,    1234961,    1234961,    1234961
*       2035,       2035:    1234961,    1234961,    1234961,    1234961
*       2036,       2036:    1234961,    1234961,    1234961,    1234961
*       2037,       2037:    1234961,    1234961,    1234961,    1234961
*       2038,       2038:    1234961,    1234961,    1234961,    1234961
*       2039,       2039:    1234961,    1234961,    1234961,    1234961
*       2040,       2040:    1234961,    1234961,    1234961,    1234961
*       2041,       2041:    1234961,    1234961,    1234961,    1234961
*       2042,       2042:    1234961,    1234961,    1234961,    1234961
*       2043,       2043:    1234961,    1234961,    1234961,    1234961
*       2044,       2044:    1234961,    1234961,    1234961,    1234961
*       2045,       2045:    1234961,    1234961,    1234961,    1234961
*       2046,       2046:    1234961,    1234961,    1234961,    1234961
*       2047,       2047:    1234961,    1234961,    1234961,    1234961
*       2048,       2048:    1234961,    1234961,    1234961,    1234961
*       2049,       2049:    1234961,    1234961,    1234961,    1234961
*       2050,       2050:    1234961,    1234961,    1234961,    1234961
*       2051,       2051:    1234961,    1234961,    1234961,    1234961
*       2052,       2052:    1234961,    1234961,    1234961,    1234961
*       2053,       2053:    1234961,    1234961,    1234961,    1234961
*       2054,       2054:    1234961,    1234961,    1234961,    1234961
*       2055,       2055:    1234961,    1234961,    1234961,    1234961
*       2056,       2056:    1234961,    1234961,    1234961,    1234961
*       2057,       2057:    1234961,    1234961,    1234961,    1234961
*       2058,       2058:    1234961,    1234961,    1234961,    1234961
*       2059,       2059:    1234961,    1234961,    1234961,    1234961
*       2060,       2060:    1234961,    1234961,    1234961,    1234961
*       2061,       2061:    1234961,    1234961,    1234961,    1234961
*       2062,       2062:    1234961,    1234961,    1234961,    1234961
*       2063,       2063:    1234961,    1234961,    1234961,    1234961
*       2064,       2064:    1234961,    1234961,    1234961,    1234961
*       2065,       2065:    1234961,    1234961,    1234961,    1234961
*       2066,       2066:    1234961,    1234961,    1234961,    1234961
*       2067,       2067:    1234961,    1234961,    1234961,    1234961
*       2068,       2068:    1234961,    1234961,    1234961,    1234961
*       2069,       2069:    1234961,    1234961,    1234961,    1234961
*       2070,       2070:    1234961,    1234961,    1234961,    1234961
*       2071,       2071:    1234961,    1234961,    1234961,    1234961
*       2072,       2072:    1234961,    1234961,    1234961,    1234961
*       2073,       2073:    1234961,    1234961,    1234961,    1234961
*       2074,       2074:    1234961,    1234961,    1234961,    1234961
*       2075,       2075:    1234961,    1234961,    1234961,    1234961
*       2076,       2076:    1234961,    1234961,    1234961,    1234961
*       2077,       2077:    1234961,    1234961,    1234961,    1234961
*       2078,       2078:    1234961,    1234961,    1234961,    1234961
*       2079,       2079:    1234961,    1234961,    1234961,    1234961
*       2080,       2080:    1234961,    1234961,    1234961,    1234961
*       2081,       2081:    1234961,    1234961,    1234961,    1234961
*       2082,       2082:    1234961,    1234961,    1234961,    1234961
*       2083,       2083:    1234961,    1234961,    1234961,    1234961
*       2084,       2084:    1234961,    1234961,    1234961,    1234961
*       2085,       2085:    1234961,    1234961,    1234961,    1234961
*       2086,       2086:    1234961,    1234961,    1234961,    1234961
*       2087,       2087:    1234961,    1234961,    1234961,    1234961
*       2088,       2088:    1234961,    1234961,    1234961,    1234961
*       2089,       2089:    1234961,    1234961,    1234961,    1234961
*       2090,       2090:    1234961,    1234961,    1234961,    1234961
*       2091,       2091:    1234961,    1234961,    1234961,    1234961
*       2092,       2092:    1234961,    1234961,    1234961,    1234961
*       2093,       2093:    1234961,    1234961,    1234961,    1234961
*       2094,       2094:    1234961,    1234961,    1234961,    1234961
*       2095,       2095:    1234961,    1234961,    1234961,    1234961
*       2096,       2096:    1234961,    1234961,    1234961,    1234961
*       2097,       2097:    1234961,    1234961,    1234961,    1234961
*       2098,       2098:    1234961,    1234961,    1234961,    1234961
*       2099,       2099:    1234961,    1234961,    1234961,    1234961
*       2100,       2100:    1234961,    1234961,    1234961,    1234961
*       2101,       2101:    1234961,    1234961,    1234961,    1234961
*       2102,       2102:    1234961,    1234961,    1234961,    1234961
*       2103,       2103:    1234961,    1234961,    1234961,    1234961
*       2104,       2104:    1234961,    1234961,    1234961,    1234961
*       2105,       2105:    1234961,    1234961,    1234961,    1234961
*       2106,       2106:    1234961,    1234961,    1234961,    1234961
*       2107,       2107:    1234961,    1234961,    1234961,    1234961
*       2108,       2108:    1234961,    1234961,    1234961,    1234961
*       2109,       2109:    1234961,    1234961,    1234961,    1234961
*       2110,       2110:    1234961,    1234961,    1234961,    1234961
*       2111,       2111:    1234961,    1234961,    1234961,    1234961
*       2112,       2112:    1234961,    1234961,    1234961,    1234961
*       2113,       2113:    1234961,    1234961,    1234961,    1234961
*       2114,       2114:    1234961,    1234961,    1234961,    1234961
*       2115,       2115:    1234961,    1234961,    1234961,    1234961
*       2116,       2116:    1234961,    1234961,    1234961,    1234961
*       2117,       2117:    1234961,    1234961,    1234961,    1234961
*       2118,       2118:    1234961,    1234961,    1234961,    1234961
*       2119,       2119:    1234961,    1234961,    1234961,    1234961
*       2120,       2120:    1234961,    1234961,    1234961,    1234961
*       2121,       2121:    1234961,    1234961,    1234961,    1234961
*       2122,       2122:    1234961,    1234961,    1234961,    1234961
*       2123,       2123:    1234961,    1234961,    1234961,    1234961
*       2124,       2124:    1234961,    1234961,    1234961,    1234961
*       2125,       2125:    1234961,    1234961,    1234961,    1234961
*       2126,       2126:    1234961,    1234961,    1234961,    1234961
*       2127,       2127:    1234961,    1234961,    1234961,    1234961
*       2128,       2128:    1234961,    1234961,    1234961,    1234961
*       2129,       2129:    1234961,    1234961,    1234961,    1234961
*       2130,       2130:    1234961,    1234961,    1234961,    1234961
*       2131,       2131:    1234961,    1234961,    1234961,    1234961
*       2132,       2132:    1234961,    1234961,    1234961,    1234961
*       2133,       2133:    1234961,    1234961,    1234961,    1234961
*       2134,       2134:    1234961,    1234961,    1234961,    1234961
*       2135,       2135:    1234961,    1234961,    1234961,    1234961
*       2136,       2136:    1234961,    1234961,    1234961,    1234961
*       2137,       2137:    1234961,    1234961,    1234961,    1234961
*       2138,       2138:    1234961,    1234961,    1234961,    1234961
*       2139,       2139:    1234961,    1234961,    1234961,    1234961
*       2140,       2140:    1234961,    1234961,    1234961,    1234961
*       2141,       2141:    1234961,    1234961,    1234961,    1234961
*       2142,       2142:    1234961,    1234961,    1234961,    1234961
*       2143,       2143:    1234961,    1234961,    1234961,    1234961
*       2144,       2144:    1234961,    1234961,    1234961,    1234961
*       2145,       2145:    1234961,    1234961,    1234961,    1234961
*       2146,       2146:    1234961,    1234961,    1234961,    1234961
*       2147,       2147:    1234961,    1234961,    1234961,    1234961
*       2148,       2148:    1234961,    1234961,    1234961,    1234961
*       2149,       2149:    1234961,    1234961,    1234961,    1234961
*       2150,       2150:    1234961,    1234961,    1234961,    1234961
*       2151,       2151:    1234961,    1234961,    1234961,    1234961
*       2152,       2152:    1234961,    1234961,    1234961,    1234961
*       2153,       2153:    1234961,    1234961,    1234961,    1234961
*       2154,       2154:    1234961,    1234961,    1234961,    1234961
*       2155,       2155:    1234961,    1234961,    1234961,    1234961
*       2156,       2156:    1234961,    1234961,    1234961,    1234961
*       2157,       2157:    1234961,    1234961,    1234961,    1234961
*       2158,       2158:    1234961,    1234961,    1234961,    1234961
*       2159,       2159:    1234961,    1234961,    1234961,    1234961
*       2160,       2160:    1234961,    1234961,    1234961,    1234961
*       2161,       2161:    1234961,    1234961,    1234961,    1234961
*       2162,       2162:    1234961,    1234961,    1234961,    1234961
*       2163,       2163:    1234961,    1234961,    1234961,    1234961
*       2164,       2164:    1234961,    1234961,    1234961,    1234961
*       2165,       2165:    1234961,    1234961,    1234961,    1234961
*       2166,       2166:    1234961,    1234961,    1234961,    1234961
*       2167,       2167:    1234961,    1234961,    1234961,    1234961
*       2168,       2168:    1234961,    1234961,    1234961,    1234961
*       2169,       2169:    1234961,    1234961,    1234961,    1234961
*       2170,       2170:    1234961,    1234961,    1234961,    1234961
*       2171,       2171:    1234961,    1234961,    1234961,    1234961
*       2172,       2172:    1234961,    1234961,    1234961,    1234961
*       2173,       2173:    1234961,    1234961,    1234961,    1234961
*       2174,       2174:    1234961,    1234961,    1234961,    1234961
*       2175,       2175:    1234961,    1234961,    1234961,    1234961
*       2176,       2176:    1234961,    1234961,    1234961,    1234961
*       2177,       2177:    1234961,    1234961,    1234961,    1234961
*       2178,       2178:    1234961,    1234961,    1234961,    1234961
*       2179,       2179:    1234961,    1234961,    1234961,    1234961
*       2180,       2180:    1234961,    1234961,    1234961,    1234961
*       2181,       2181:    1234961,    1234961,    1234961,    1234961
*       2182,       2182:    1234961,    1234961,    1234961,    1234961
*       2183,       2183:    1234961,    1234961,    1234961,    1234961
*       2184,       2184:    1234961,    1234961,    1234961,    1234961
*       2185,       2185:    1234961,    1234961,    1234961,    1234961
*       2186,       2186:    1234961,    1234961,    1234961,    1234961
*       2187,       2187:    1234961,    1234961,    1234961,    1234961
*       2188,       2188:    1234961,    1234961,    1234961,    1234961
*       2189,       2189:    1234961,    1234961,    1234961,    1234961
*       2190,       2190:    1234961,    1234961,    1234961,    1234961
*       2191,       2191:    1234961,    1234961,    1234961,    1234961
*       2192,       2192:    1234961,    1234961,    1234961,    1234961
*       2193,       2193:    1234961,    1234961,    1234961,    1234961
*       2194,       2194:    1234961,    1234961,    1234961,    1234961
*       2195,       2195:    1234961,    1234961,    1234961,    1234961
*       2196,       2196:    1234961,    1234961,    1234961,    1234961
*       2197,       2197:    1234961,    1234961,    1234961,    1234961
*       2198,       2198:    1234961,    1234961,    1234961,    1234961
*       2199,       2199:    1234961,    1234961,    1234961,    1234961
*       2200,       2200:    1234961,    1234961,    1234961,    1234961
*       2201,       2201:    1234961,    1234961,    1234961,    1234961
*       2202,       2202:    1234961,    1234961,    1234961,    1234961
*       2203,       2203:    1234961,    1234961,    1234961,    1234961
*       2204,       2204:    1234961,    1234961,    1234961,    1234961
*       2205,       2205:    1234961,    1234961,    1234961,    1234961
*       2206,       2206:    1234961,    1234961,    1234961,    1234961
*       2207,       2207:    1234961,    1234961,    1234961,    1234961
*       2208,       2208:    1234961,    1234961,    1234961,    1234961
*       2209,       2209:    1234961,    1234961,    1234961,    1234961
*       2210,       2210:    1234961,    1234961,    1234961,    1234961
*       2211,       2211:    1234961,    1234961,    1234961,    1234961
*       2212,       2212:    1234961,    1234961,    1234961,    1234961
*       2213,       2213:    1234961,    1234961,    1234961,    1234961
*       2214,       2214:    1234961,    1234961,    1234961,    1234961
*       2215,       2215:    1234961,    1234961,    1234961,    1234961
*       2216,       2216:    1234961,    1234961,    1234961,    1234961
*       2217,       2217:    1234961,    1234961,    1234961,    1234961
*       2218,       2218:    1234961,    1234961,    1234961,    1234961
*       2219,       2219:    1234961,    1234961,    1234961,    1234961
*       2220,       2220:    1234961,    1234961,    1234961,    1234961
*       2221,       2221:    1234961,    1234961,    1234961,    1234961
*       2222,       2222:    1234961,    1234961,    1234961,    1234961
*       2223,       2223:    1234961,    1234961,    1234961,    1234961
*       2224,       2224:    1234961,    1234961,    1234961,    1234961
*       2225,       2225:    1234961,    1234961,    1234961,    1234961
*       2226,       2226:    1234961,    1234961,    1234961,    1234961
*       2227,       2227:    1234961,    1234961,    1234961,    1234961
*       2228,       2228:    1234961,    1234961,    1234961,    1234961
*       2229,       2229:    1234961,    1234961,    1234961,    1234961
*       2230,       2230:    1234961,    1234961,    1234961,    1234961
*       2231,       2231:    1234961,    1234961,    1234961,    1234961
*       2232,       2232:    1234961,    1234961,    1234961,    1234961
*       2233,       2233:    1234961,    1234961,    1234961,    1234961
*       2234,       2234:    1234961,    1234961,    1234961,    1234961
*       2235,       2235:    1234961,    1234961,    1234961,    1234961
*       2236,       2236:    1234961,    1234961,    1234961,    1234961
*       2237,       2237:    1234961,    1234961,    1234961,    1234961
*       2238,       2238:    1234961,    1234961,    1234961,    1234961
*       2239,       2239:    1234961,    1234961,    1234961,    1234961
*       2240,       2240:    1234961,    1234961,    1234961,    1234961
*       2241,       2241:    1234961,    1234961,    1234961,    1234961
*       2242,       2242:    1234961,    1234961,    1234961,    1234961
*       2243,       2243:    1234961,    1234961,    1234961,    1234961
*       2244,       2244:    1234961,    1234961,    1234961,    1234961
*       2245,       2245:    1234961,    1234961,    1234961,    1234961
*       2246,       2246:    1234961,    1234961,    1234961,    1234961
*       2247,       2247:    1234961,    1234961,    1234961,    1234961
*       2248,       2248:    1234961,    1234961,    1234961,    1234961
*       2249,       2249:    1234961,    1234961,    1234961,    1234961
*       2250,       2250:    1234961,    1234961,    1234961,    1234961
*       2251,       2251:    1234961,    1234961,    1234961,    1234961
*       2252,       2252:    1234961,    1234961,    1234961,    1234961
*       2253,       2253:    1234961,    1234961,    1234961,    1234961
*       2254,       2254:    1234961,    1234961,    1234961,    1234961
*       2255,       2255:    1234961,    1234961,    1234961,    1234961
*       2256,       2256:    1234961,    1234961,    1234961,    1234961
*       2257,       2257:    1234961,    1234961,    1234961,    1234961
*       2258,       2258:    1234961,    1234961,    1234961,    1234961
*       2259,       2259:    1234961,    1234961,    1234961,    1234961
*       2260,       2260:    1234961,    1234961,    1234961,    1234961
*       2261,       2261:    1234961,    1234961,    1234961,    1234961
*       2262,       2262:    1234961,    1234961,    1234961,    1234961
*       2263,       2263:    1234961,    1234961,    1234961,    1234961
*       2264,       2264:    1234961,    1234961,    1234961,    1234961
*       2265,       2265:    1234961,    1234961,    1234961,    1234961
*       2266,       2266:    1234961,    1234961,    1234961,    1234961
*       2267,       2267:    1234961,    1234961,    1234961,    1234961
*       2268,       2268:    1234961,    1234961,    1234961,    1234961
*       2269,       2269:    1234961,    1234961,    1234961,    1234961
*       2270,       2270:    1234961,    1234961,    1234961,    1234961
*       2271,       2271:    1234961,    1234961,    1234961,    1234961
*       2272,       2272:    1234961,    1234961,    1234961,    1234961
*       2273,       2273:    1234961,    1234961,    1234961,    1234961
*       2274,       2274:    1234961,    1234961,    1234961,    1234961
*       2275,       2275:    1234961,    1234961,    1234961,    1234961
*       2276,       2276:    1234961,    1234961,    1234961,    1234961
*       2277,       2277:    1234961,    1234961,    1234961,    1234961
*       2278,       2278:    1234961,    1234961,    1234961,    1234961
*       2279,       2279:    1234961,    1234961,    1234961,    1234961
*       2280,       2280:    1234961,    1234961,    1234961,    1234961
*       2281,       2281:    1234961,    1234961,    1234961,    1234961
*       2282,       2282:    1234961,    1234961,    1234961,    1234961
*       2283,       2283:    1234961,    1234961,    1234961,    1234961
*       2284,       2284:    1234961,    1234961,    1234961,    1234961
*       2285,       2285:    1234961,    1234961,    1234961,    1234961
*       2286,       2286:    1234961,    1234961,    1234961,    1234961
*       2287,       2287:    1234961,    1234961,    1234961,    1234961
*       2288,       2288:    1234961,    1234961,    1234961,    1234961
*       2289,       2289:    1234961,    1234961,    1234961,    1234961
*       2290,       2290:    1234961,    1234961,    1234961,    1234961
*       2291,       2291:    1234961,    1234961,    1234961,    1234961
*       2292,       2292:    1234961,    1234961,    1234961,    1234961
*       2293,       2293:    1234961,    1234961,    1234961,    1234961
*       2294,       2294:    1234961,    1234961,    1234961,    1234961
*       2295,       2295:    1234961,    1234961,    1234961,    1234961
*       2296,       2296:    1234961,    1234961,    1234961,    1234961
*       2297,       2297:    1234961,    1234961,    1234961,    1234961
*       2298,       2298:    1234961,    1234961,    1234961,    1234961
*       2299,       2299:    1234961,    1234961,    1234961,    1234961
*       2300,       2300:    1234961,    1234961,    1234961,    1234961
*       2301,       2301:    1234961,    1234961,    1234961,    1234961
*       2302,       2302:    1234961,    1234961,    1234961,    1234961
*       2303,       2303:    1234961,    1234961,    1234961,    1234961
*       2304,       2304:    1234961,    1234961,    1234961,    1234961
*       2305,       2305:    1234961,    1234961,    1234961,    1234961
*       2306,       2306:    1234961,    1234961,    1234961,    1234961
*       2307,       2307:    1234961,    1234961,    1234961,    1234961
*       2308,       2308:    1234961,    1234961,    1234961,    1234961
*       2309,       2309:    1234961,    1234961,    1234961,    1234961
*       2310,       2310:    1234961,    1234961,    1234961,    1234961
*       2311,       2311:    1234961,    1234961,    1234961,    1234961
*       2312,       2312:    1234961,    1234961,    1234961,    1234961
*       2313,       2313:    1234961,    1234961,    1234961,    1234961
*       2314,       2314:    1234961,    1234961,    1234961,    1234961
*       2315,       2315:    1234961,    1234961,    1234961,    1234961
*       2316,       2316:    1234961,    1234961,    1234961,    1234961
*       2317,       2317:    1234961,    1234961,    1234961,    1234961
*       2318,       2318:    1234961,    1234961,    1234961,    1234961
*       2319,       2319:    1234961,    1234961,    1234961,    1234961
*       2320,       2320:    1234961,    1234961,    1234961,    1234961
*       2321,       2321:    1234961,    1234961,    1234961,    1234961
*       2322,       2322:    1234961,    1234961,    1234961,    1234961
*       2323,       2323:    1234961,    1234961,    1234961,    1234961
*       2324,       2324:    1234961,    1234961,    1234961,    1234961
*       2325,       2325:    1234961,    1234961,    1234961,    1234961
*       2326,       2326:    1234961,    1234961,    1234961,    1234961
*       2327,       2327:    1234961,    1234961,    1234961,    1234961
*       2328,       2328:    1234961,    1234961,    1234961,    1234961
*       2329,       2329:    1234961,    1234961,    1234961,    1234961
*       2330,       2330:    1234961,    1234961,    1234961,    1234961
*       2331,       2331:    1234961,    1234961,    1234961,    1234961
*       2332,       2332:    1234961,    1234961,    1234961,    1234961
*       2333,       2333:    1234961,    1234961,    1234961,    1234961
*       2334,       2334:    1234961,    1234961,    1234961,    1234961
*       2335,       2335:    1234961,    1234961,    1234961,    1234961
*       2336,       2336:    1234961,    1234961,    1234961,    1234961
*       2337,       2337:    1234961,    1234961,    1234961,    1234961
*       2338,       2338:    1234961,    1234961,    1234961,    1234961
*       2339,       2339:    1234961,    1234961,    1234961,    1234961
*       2340,       2340:    1234961,    1234961,    1234961,    1234961
*       2341,       2341:    1234961,    1234961,    1234961,    1234961
*       2342,       2342:    1234961,    1234961,    1234961,    1234961
*       2343,       2343:    1234961,    1234961,    1234961,    1234961
*       2344,       2344:    1234961,    1234961,    1234961,    1234961
*       2345,       2345:    1234961,    1234961,    1234961,    1234961
*       2346,       2346:    1234961,    1234961,    1234961,    1234961
*       2347,       2347:    1234961,    1234961,    1234961,    1234961
*       2348,       2348:    1234961,    1234961,    1234961,    1234961
*       2349,       2349:    1234961,    1234961,    1234961,    1234961
*       2350,       2350:    1234961,    1234961,    1234961,    1234961
*       2351,       2351:    1234961,    1234961,    1234961,    1234961
*       2352,       2352:    1234961,    1234961,    1234961,    1234961
*       2353,       2353:    1234961,    1234961,    1234961,    1234961
*       2354,       2354:    1234961,    1234961,    1234961,    1234961
*       2355,       2355:    1234961,    1234961,    1234961,    1234961
*       2356,       2356:    1234961,    1234961,    1234961,    1234961
*       2357,       2357:    1234961,    1234961,    1234961,    1234961
*       2358,       2358:    1234961,    1234961,    1234961,    1234961
*       2359,       2359:    1234961,    1234961,    1234961,    1234961
*       2360,       2360:    1234961,    1234961,    1234961,    1234961
*       2361,       2361:    1234961,    1234961,    1234961,    1234961
*       2362,       2362:    1234961,    1234961,    1234961,    1234961
*       2363,       2363:    1234961,    1234961,    1234961,    1234961
*       2364,       2364:    1234961,    1234961,    1234961,    1234961
*       2365,       2365:    1234961,    1234961,    1234961,    1234961
*       2366,       2366:    1234961,    1234961,    1234961,    1234961
*       2367,       2367:    1234961,    1234961,    1234961,    1234961
*       2368,       2368:    1234961,    1234961,    1234961,    1234961
*       2369,       2369:    1234961,    1234961,    1234961,    1234961
*       2370,       2370:    1234961,    1234961,    1234961,    1234961
*       2371,       2371:    1234961,    1234961,    1234961,    1234961
*       2372,       2372:    1234961,    1234961,    1234961,    1234961
*       2373,       2373:    1234961,    1234961,    1234961,    1234961
*       2374,       2374:    1234961,    1234961,    1234961,    1234961
*       2375,       2375:    1234961,    1234961,    1234961,    1234961
*       2376,       2376:    1234961,    1234961,    1234961,    1234961
*       2377,       2377:    1234961,    1234961,    1234961,    1234961
*       2378,       2378:    1234961,    1234961,    1234961,    1234961
*       2379,       2379:    1234961,    1234961,    1234961,    1234961
*       2380,       2380:    1234961,    1234961,    1234961,    1234961
*       2381,       2381:    1234961,    1234961,    1234961,    1234961
*       2382,       2382:    1234961,    1234961,    1234961,    1234961
*       2383,       2383:    1234961,    1234961,    1234961,    1234961
*       2384,       2384:    1234961,    1234961,    1234961,    1234961
*       2385,       2385:    1234961,    1234961,    1234961,    1234961
*       2386,       2386:    1234961,    1234961,    1234961,    1234961
*       2387,       2387:    1234961,    1234961,    1234961,    1234961
*       2388,       2388:    1234961,    1234961,    1234961,    1234961
*       2389,       2389:    1234961,    1234961,    1234961,    1234961
*       2390,       2390:    1234961,    1234961,    1234961,    1234961
*       2391,       2391:    1234961,    1234961,    1234961,    1234961
*       2392,       2392:    1234961,    1234961,    1234961,    1234961
*       2393,       2393:    1234961,    1234961,    1234961,    1234961
*       2394,       2394:    1234961,    1234961,    1234961,    1234961
*       2395,       2395:    1234961,    1234961,    1234961,    1234961
*       2396,       2396:    1234961,    1234961,    1234961,    1234961
*       2397,       2397:    1234961,    1234961,    1234961,    1234961
*       2398,       2398:    1234961,    1234961,    1234961,    1234961
*       2399,       2399:    1234961,    1234961,    1234961,    1234961
*       2400,       2400:    1234961,    1234961,    1234961,    1234961
*       2401,       2401:    1234961,    1234961,    1234961,    1234961
*       2402,       2402:    1234961,    1234961,    1234961,    1234961
*       2403,       2403:    1234961,    1234961,    1234961,    1234961
*       2404,       2404:    1234961,    1234961,    1234961,    1234961
*       2405,       2405:    1234961,    1234961,    1234961,    1234961
*       2406,       2406:    1234961,    1234961,    1234961,    1234961
*       2407,       2407:    1234961,    1234961,    1234961,    1234961
*       2408,       2408:    1234961,    1234961,    1234961,    1234961
*       2409,       2409:    1234961,    1234961,    1234961,    1234961
*       2410,       2410:    1234961,    1234961,    1234961,    1234961
*       2411,       2411:    1234961,    1234961,    1234961,    1234961
*       2412,       2412:    1234961,    1234961,    1234961,    1234961
*       2413,       2413:    1234961,    1234961,    1234961,    1234961
*       2414,       2414:    1234961,    1234961,    1234961,    1234961
*       2415,       2415:    1234961,    1234961,    1234961,    1234961
*       2416,       2416:    1234961,    1234961,    1234961,    1234961
*       2417,       2417:    1234961,    1234961,    1234961,    1234961
*       2418,       2418:    1234961,    1234961,    1234961,    1234961
*       2419,       2419:    1234961,    1234961,    1234961,    1234961
*       2420,       2420:    1234961,    1234961,    1234961,    1234961
*       2421,       2421:    1234961,    1234961,    1234961,    1234961
*       2422,       2422:    1234961,    1234961,    1234961,    1234961
*       2423,       2423:    1234961,    1234961,    1234961,    1234961
*       2424,       2424:    1234961,    1234961,    1234961,    1234961
*       2425,       2425:    1234961,    1234961,    1234961,    1234961
*       2426,       2426:    1234961,    1234961,    1234961,    1234961
*       2427,       2427:    1234961,    1234961,    1234961,    1234961
*       2428,       2428:    1234961,    1234961,    1234961,    1234961
*       2429,       2429:    1234961,    1234961,    1234961,    1234961
*       2430,       2430:    1234961,    1234961,    1234961,    1234961
*       2431,       2431:    1234961,    1234961,    1234961,    1234961
*       2432,       2432:    1234961,    1234961,    1234961,    1234961
*       2433,       2433:    1234961,    1234961,    1234961,    1234961
*       2434,       2434:    1234961,    1234961,    1234961,    1234961
*       2435,       2435:    1234961,    1234961,    1234961,    1234961
*       2436,       2436:    1234961,    1234961,    1234961,    1234961
*       2437,       2437:    1234961,    1234961,    1234961,    1234961
*       2438,       2438:    1234961,    1234961,    1234961,    1234961
*       2439,       2439:    1234961,    1234961,    1234961,    1234961
*       2440,       2440:    1234961,    1234961,    1234961,    1234961
*       2441,       2441:    1234961,    1234961,    1234961,    1234961
*       2442,       2442:    1234961,    1234961,    1234961,    1234961
*       2443,       2443:    1234961,    1234961,    1234961,    1234961
*       2444,       2444:    1234961,    1234961,    1234961,    1234961
*       2445,       2445:    1234961,    1234961,    1234961,    1234961
*       2446,       2446:    1234961,    1234961,    1234961,    1234961
*       2447,       2447:    1234961,    1234961,    1234961,    1234961
*       2448,       2448:    1234961,    1234961,    1234961,    1234961
*       2449,       2449:    1234961,    1234961,    1234961,    1234961
*       2450,       2450:    1234961,    1234961,    1234961,    1234961
*       2451,       2451:    1234961,    1234961,    1234961,    1234961
*       2452,       2452:    1234961,    1234961,    1234961,    1234961
*       2453,       2453:    1234961,    1234961,    1234961,    1234961
*       2454,       2454:    1234961,    1234961,    1234961,    1234961
*       2455,       2455:    1234961,    1234961,    1234961,    1234961
*       2456,       2456:    1234961,    1234961,    1234961,    1234961
*       2457,       2457:    1234961,    1234961,    1234961,    1234961
*       2458,       2458:    1234961,    1234961,    1234961,    1234961
*       2459,       2459:    1234961,    1234961,    1234961,    1234961
*       2460,       2460:    1234961,    1234961,    1234961,    1234961
*       2461,       2461:    1234961,    1234961,    1234961,    1234961
*       2462,       2462:    1234961,    1234961,    1234961,    1234961
*       2463,       2463:    1234961,    1234961,    1234961,    1234961
*       2464,       2464:    1234961,    1234961,    1234961,    1234961
*       2465,       2465:    1234961,    1234961,    1234961,    1234961
*       2466,       2466:    1234961,    1234961,    1234961,    1234961
*       2467,       2467:    1234961,    1234961,    1234961,    1234961
*       2468,       2468:    1234961,    1234961,    1234961,    1234961
*       2469,       2469:    1234961,    1234961,    1234961,    1234961
*       2470,       2470:    1234961,    1234961,    1234961,    1234961
*       2471,       2471:    1234961,    1234961,    1234961,    1234961
*       2472,       2472:    1234961,    1234961,    1234961,    1234961
*       2473,       2473:    1234961,    1234961,    1234961,    1234961
*       2474,       2474:    1234961,    1234961,    1234961,    1234961
*       2475,       2475:    1234961,    1234961,    1234961,    1234961
*       2476,       2476:    1234961,    1234961,    1234961,    1234961
*       2477,       2477:    1234961,    1234961,    1234961,    1234961
*       2478,       2478:    1234961,    1234961,    1234961,    1234961
*       2479,       2479:    1234961,    1234961,    1234961,    1234961
*       2480,       2480:    1234961,    1234961,    1234961,    1234961
*       2481,       2481:    1234961,    1234961,    1234961,    1234961
*       2482,       2482:    1234961,    1234961,    1234961,    1234961
*       2483,       2483:    1234961,    1234961,    1234961,    1234961
*       2484,       2484:    1234961,    1234961,    1234961,    1234961
*       2485,       2485:    1234961,    1234961,    1234961,    1234961
*       2486,       2486:    1234961,    1234961,    1234961,    1234961
*       2487,       2487:    1234961,    1234961,    1234961,    1234961
*       2488,       2488:    1234961,    1234961,    1234961,    1234961
*       2489,       2489:    1234961,    1234961,    1234961,    1234961
*       2490,       2490:    1234961,    1234961,    1234961,    1234961
*       2491,       2491:    1234961,    1234961,    1234961,    1234961
*       2492,       2492:    1234961,    1234961,    1234961,    1234961
*       2493,       2493:    1234961,    1234961,    1234961,    1234961
*       2494,       2494:    1234961,    1234961,    1234961,    1234961
*       2495,       2495:    1234961,    1234961,    1234961,    1234961
*       2496,       2496:    1234961,    1234961,    1234961,    1234961
*       2497,       2497:    1234961,    1234961,    1234961,    1234961
*       2498,       2498:    1234961,    1234961,    1234961,    1234961
*       2499,       2499:    1234961,    1234961,    1234961,    1234961
*       2500,       2500:    1234961,    1234961,    1234961,    1234961
*       2501,       2501:    1234961,    1234961,    1234961,    1234961
*       2502,       2502:    1234961,    1234961,    1234961,    1234961
*       2503,       2503:    1234961,    1234961,    1234961,    1234961
*       2504,       2504:    1234961,    1234961,    1234961,    1234961
*       2505,       2505:    1234961,    1234961,    1234961,    1234961
*       2506,       2506:    1234961,    1234961,    1234961,    1234961
*       2507,       2507:    1234961,    1234961,    1234961,    1234961
*       2508,       2508:    1234961,    1234961,    1234961,    1234961
*       2509,       2509:    1234961,    1234961,    1234961,    1234961
*       2510,       2510:    1234961,    1234961,    1234961,    1234961
*       2511,       2511:    1234961,    1234961,    1234961,    1234961
*       2512,       2512:    1234961,    1234961,    1234961,    1234961
*       2513,       2513:    1234961,    1234961,    1234961,    1234961
*       2514,       2514:    1234961,    1234961,    1234961,    1234961
*       2515,       2515:    1234961,    1234961,    1234961,    1234961
*       2516,       2516:    1234961,    1234961,    1234961,    1234961
*       2517,       2517:    1234961,    1234961,    1234961,    1234961
*       2518,       2518:    1234961,    1234961,    1234961,    1234961
*       2519,       2519:    1234961,    1234961,    1234961,    1234961
*       2520,       2520:    1234961,    1234961,    1234961,    1234961
*       2521,       2521:    1234961,    1234961,    1234961,    1234961
*       2522,       2522:    1234961,    1234961,    1234961,    1234961
*       2523,       2523:    1234961,    1234961,    1234961,    1234961
*       2524,       2524:    1234961,    1234961,    1234961,    1234961
*       2525,       2525:    1234961,    1234961,    1234961,    1234961
*       2526,       2526:    1234961,    1234961,    1234961,    1234961
*       2527,       2527:    1234961,    1234961,    1234961,    1234961
*       2528,       2528:    1234961,    1234961,    1234961,    1234961
*       2529,       2529:    1234961,    1234961,    1234961,    1234961
*       2530,       2530:    1234961,    1234961,    1234961,    1234961
*       2531,       2531:    1234961,    1234961,    1234961,    1234961
*       2532,       2532:    1234961,    1234961,    1234961,    1234961
*       2533,       2533:    1234961,    1234961,    1234961,    1234961
*       2534,       2534:    1234961,    1234961,    1234961,    1234961
*       2535,       2535:    1234961,    1234961,    1234961,    1234961
*       2536,       2536:    1234961,    1234961,    1234961,    1234961
*       2537,       2537:    1234961,    1234961,    1234961,    1234961
*       2538,       2538:    1234961,    1234961,    1234961,    1234961
*       2539,       2539:    1234961,    1234961,    1234961,    1234961
*       2540,       2540:    1234961,    1234961,    1234961,    1234961
*       2541,       2541:    1234961,    1234961,    1234961,    1234961
*       2542,       2542:    1234961,    1234961,    1234961,    1234961
*       2543,       2543:    1234961,    1234961,    1234961,    1234961
*       2544,       2544:    1234961,    1234961,    1234961,    1234961
*       2545,       2545:    1234961,    1234961,    1234961,    1234961
*       2546,       2546:    1234961,    1234961,    1234961,    1234961
*       2547,       2547:    1234961,    1234961,    1234961,    1234961
*       2548,       2548:    1234961,    1234961,    1234961,    1234961
*       2549,       2549:    1234961,    1234961,    1234961,    1234961
*       2550,       2550:    1234961,    1234961,    1234961,    1234961
*       2551,       2551:    1234961,    1234961,    1234961,    1234961
*       2552,       2552:    1234961,    1234961,    1234961,    1234961
*       2553,       2553:    1234961,    1234961,    1234961,    1234961
*       2554,       2554:    1234961,    1234961,    1234961,    1234961
*       2555,       2555:    1234961,    1234961,    1234961,    1234961
*       2556,       2556:    1234961,    1234961,    1234961,    1234961
*       2557,       2557:    1234961,    1234961,    1234961,    1234961
*       2558,       2558:    1234961,    1234961,    1234961,    1234961
*       2559,       2559:    1234961,    1234961,    1234961,    1234961
*       2560,       2560:    1234961,    1234961,    1234961,    1234961
*       2561,       2561:    1234961,    1234961,    1234961,    1234961
*       2562,       2562:    1234961,    1234961,    1234961,    1234961
*       2563,       2563:    1234961,    1234961,    1234961,    1234961
*       2564,       2564:    1234961,    1234961,    1234961,    1234961
*       2565,       2565:    1234961,    1234961,    1234961,    1234961
*       2566,       2566:    1234961,    1234961,    1234961,    1234961
*       2567,       2567:    1234961,    1234961,    1234961,    1234961
*       2568,       2568:    1234961,    1234961,    1234961,    1234961
*       2569,       2569:    1234961,    1234961,    1234961,    1234961
*       2570,       2570:    1234961,    1234961,    1234961,    1234961
*       2571,       2571:    1234961,    1234961,    1234961,    1234961
*       2572,       2572:    1234961,    1234961,    1234961,    1234961
*       2573,       2573:    1234961,    1234961,    1234961,    1234961
*       2574,       2574:    1234961,    1234961,    1234961,    1234961
*       2575,       2575:    1234961,    1234961,    1234961,    1234961
*       2576,       2576:    1234961,    1234961,    1234961,    1234961
*       2577,       2577:    1234961,    1234961,    1234961,    1234961
*       2578,       2578:    1234961,    1234961,    1234961,    1234961
*       2579,       2579:    1234961,    1234961,    1234961,    1234961
*       2580,       2580:    1234961,    1234961,    1234961,    1234961
*       2581,       2581:    1234961,    1234961,    1234961,    1234961
*       2582,       2582:    1234961,    1234961,    1234961,    1234961
*       2583,       2583:    1234961,    1234961,    1234961,    1234961
*       2584,       2584:    1234961,    1234961,    1234961,    1234961
*       2585,       2585:    1234961,    1234961,    1234961,    1234961
*       2586,       2586:    1234961,    1234961,    1234961,    1234961
*       2587,       2587:    1234961,    1234961,    1234961,    1234961
*       2588,       2588:    1234961,    1234961,    1234961,    1234961
*       2589,       2589:    1234961,    1234961,    1234961,    1234961
*       2590,       2590:    1234961,    1234961,    1234961,    1234961
*       2591,       2591:    1234961,    1234961,    1234961,    1234961
*       2592,       2592:    1234961,    1234961,    1234961,    1234961
*       2593,       2593:    1234961,    1234961,    1234961,    1234961
*       2594,       2594:    1234961,    1234961,    1234961,    1234961
*       2595,       2595:    1234961,    1234961,    1234961,    1234961
*       2596,       2596:    1234961,    1234961,    1234961,    1234961
*       2597,       2597:    1234961,    1234961,    1234961,    1234961
*       2598,       2598:    1234961,    1234961,    1234961,    1234961
*       2599,       2599:    1234961,    1234961,    1234961,    1234961
*       2600,       2600:    1234961,    1234961,    1234961,    1234961
*       2601,       2601:    1234961,    1234961,    1234961,    1234961
*       2602,       2602:    1234961,    1234961,    1234961,    1234961
*       2603,       2603:    1234961,    1234961,    1234961,    1234961
*       2604,       2604:    1234961,    1234961,    1234961,    1234961
*       2605,       2605:    1234961,    1234961,    1234961,    1234961
*       2606,       2606:    1234961,    1234961,    1234961,    1234961
*       2607,       2607:    1234961,    1234961,    1234961,    1234961
*       2608,       2608:    1234961,    1234961,    1234961,    1234961
*       2609,       2609:    1234961,    1234961,    1234961,    1234961
*       2610,       2610:    1234961,    1234961,    1234961,    1234961
*       2611,       2611:    1234961,    1234961,    1234961,    1234961
*       2612,       2612:    1234961,    1234961,    1234961,    1234961
*       2613,       2613:    1234961,    1234961,    1234961,    1234961
*       2614,       2614:    1234961,    1234961,    1234961,    1234961
*       2615,       2615:    1234961,    1234961,    1234961,    1234961
*       2616,       2616:    1234961,    1234961,    1234961,    1234961
*       2617,       2617:    1234961,    1234961,    1234961,    1234961
*       2618,       2618:    1234961,    1234961,    1234961,    1234961
*       2619,       2619:    1234961,    1234961,    1234961,    1234961
*       2620,       2620:    1234961,    1234961,    1234961,    1234961
*       2621,       2621:    1234961,    1234961,    1234961,    1234961
*       2622,       2622:    1234961,    1234961,    1234961,    1234961
*       2623,       2623:    1234961,    1234961,    1234961,    1234961
*       2624,       2624:    1234961,    1234961,    1234961,    1234961
*       2625,       2625:    1234961,    1234961,    1234961,    1234961
*       2626,       2626:    1234961,    1234961,    1234961,    1234961
*       2627,       2627:    1234961,    1234961,    1234961,    1234961
*       2628,       2628:    1234961,    1234961,    1234961,    1234961
*       2629,       2629:    1234961,    1234961,    1234961,    1234961
*       2630,       2630:    1234961,    1234961,    1234961,    1234961
*       2631,       2631:    1234961,    1234961,    1234961,    1234961
*       2632,       2632:    1234961,    1234961,    1234961,    1234961
*       2633,       2633:    1234961,    1234961,    1234961,    1234961
*       2634,       2634:    1234961,    1234961,    1234961,    1234961
*       2635,       2635:    1234961,    1234961,    1234961,    1234961
*       2636,       2636:    1234961,    1234961,    1234961,    1234961
*       2637,       2637:    1234961,    1234961,    1234961,    1234961
*       2638,       2638:    1234961,    1234961,    1234961,    1234961
*       2639,       2639:    1234961,    1234961,    1234961,    1234961
*       2640,       2640:    1234961,    1234961,    1234961,    1234961
*       2641,       2641:    1234961,    1234961,    1234961,    1234961
*       2642,       2642:    1234961,    1234961,    1234961,    1234961
*       2643,       2643:    1234961,    1234961,    1234961,    1234961
*       2644,       2644:    1234961,    1234961,    1234961,    1234961
*       2645,       2645:    1234961,    1234961,    1234961,    1234961
*       2646,       2646:    1234961,    1234961,    1234961,    1234961
*       2647,       2647:    1234961,    1234961,    1234961,    1234961
*       2648,       2648:    1234961,    1234961,    1234961,    1234961
*       2649,       2649:    1234961,    1234961,    1234961,    1234961
*       2650,       2650:    1234961,    1234961,    1234961,    1234961
*       2651,       2651:    1234961,    1234961,    1234961,    1234961
*       2652,       2652:    1234961,    1234961,    1234961,    1234961
*       2653,       2653:    1234961,    1234961,    1234961,    1234961
*       2654,       2654:    1234961,    1234961,    1234961,    1234961
*       2655,       2655:    1234961,    1234961,    1234961,    1234961
*       2656,       2656:    1234961,    1234961,    1234961,    1234961
*       2657,       2657:    1234961,    1234961,    1234961,    1234961
*       2658,       2658:    1234961,    1234961,    1234961,    1234961
*       2659,       2659:    1234961,    1234961,    1234961,    1234961
*       2660,       2660:    1234961,    1234961,    1234961,    1234961
*       2661,       2661:    1234961,    1234961,    1234961,    1234961
*       2662,       2662:    1234961,    1234961,    1234961,    1234961
*       2663,       2663:    1234961,    1234961,    1234961,    1234961
*       2664,       2664:    1234961,    1234961,    1234961,    1234961
*       2665,       2665:    1234961,    1234961,    1234961,    1234961
*       2666,       2666:    1234961,    1234961,    1234961,    1234961
*       2667,       2667:    1234961,    1234961,    1234961,    1234961
*       2668,       2668:    1234961,    1234961,    1234961,    1234961
*       2669,       2669:    1234961,    1234961,    1234961,    1234961
*       2670,       2670:    1234961,    1234961,    1234961,    1234961
*       2671,       2671:    1234961,    1234961,    1234961,    1234961
*       2672,       2672:    1234961,    1234961,    1234961,    1234961
*       2673,       2673:    1234961,    1234961,    1234961,    1234961
*       2674,       2674:    1234961,    1234961,    1234961,    1234961
*       2675,       2675:    1234961,    1234961,    1234961,    1234961
*       2676,       2676:    1234961,    1234961,    1234961,    1234961
*       2677,       2677:    1234961,    1234961,    1234961,    1234961
*       2678,       2678:    1234961,    1234961,    1234961,    1234961
*       2679,       2679:    1234961,    1234961,    1234961,    1234961
*       2680,       2680:    1234961,    1234961,    1234961,    1234961
*       2681,       2681:    1234961,    1234961,    1234961,    1234961
*       2682,       2682:    1234961,    1234961,    1234961,    1234961
*       2683,       2683:    1234961,    1234961,    1234961,    1234961
*       2684,       2684:    1234961,    1234961,    1234961,    1234961
*       2685,       2685:    1234961,    1234961,    1234961,    1234961
*       2686,       2686:    1234961,    1234961,    1234961,    1234961
*       2687,       2687:    1234961,    1234961,    1234961,    1234961
*       2688,       2688:    1234961,    1234961,    1234961,    1234961
*       2689,       2689:    1234961,    1234961,    1234961,    1234961
*       2690,       2690:    1234961,    1234961,    1234961,    1234961
*       2691,       2691:    1234961,    1234961,    1234961,    1234961
*       2692,       2692:    1234961,    1234961,    1234961,    1234961
*       2693,       2693:    1234961,    1234961,    1234961,    1234961
*       2694,       2694:    1234961,    1234961,    1234961,    1234961
*       2695,       2695:    1234961,    1234961,    1234961,    1234961
*       2696,       2696:    1234961,    1234961,    1234961,    1234961
*       2697,       2697:    1234961,    1234961,    1234961,    1234961
*       2698,       2698:    1234961,    1234961,    1234961,    1234961
*       2699,       2699:    1234961,    1234961,    1234961,    1234961
*       2700,       2700:    1234961,    1234961,    1234961,    1234961
*       2701,       2701:    1234961,    1234961,    1234961,    1234961
*       2702,       2702:    1234961,    1234961,    1234961,    1234961
*       2703,       2703:    1234961,    1234961,    1234961,    1234961
*       2704,       2704:    1234961,    1234961,    1234961,    1234961
*       2705,       2705:    1234961,    1234961,    1234961,    1234961
*       2706,       2706:    1234961,    1234961,    1234961,    1234961
*       2707,       2707:    1234961,    1234961,    1234961,    1234961
*       2708,       2708:    1234961,    1234961,    1234961,    1234961
*       2709,       2709:    1234961,    1234961,    1234961,    1234961
*       2710,       2710:    1234961,    1234961,    1234961,    1234961
*       2711,       2711:    1234961,    1234961,    1234961,    1234961
*       2712,       2712:    1234961,    1234961,    1234961,    1234961
*       2713,       2713:    1234961,    1234961,    1234961,    1234961
*       2714,       2714:    1234961,    1234961,    1234961,    1234961
*       2715,       2715:    1234961,    1234961,    1234961,    1234961
*       2716,       2716:    1234961,    1234961,    1234961,    1234961
*       2717,       2717:    1234961,    1234961,    1234961,    1234961
*       2718,       2718:    1234961,    1234961,    1234961,    1234961
*       2719,       2719:    1234961,    1234961,    1234961,    1234961
*       2720,       2720:    1234961,    1234961,    1234961,    1234961
*       2721,       2721:    1234961,    1234961,    1234961,    1234961
*       2722,       2722:    1234961,    1234961,    1234961,    1234961
*       2723,       2723:    1234961,    1234961,    1234961,    1234961
*       2724,       2724:    1234961,    1234961,    1234961,    1234961
*       2725,       2725:    1234961,    1234961,    1234961,    1234961
*       2726,       2726:    1234961,    1234961,    1234961,    1234961
*       2727,       2727:    1234961,    1234961,    1234961,    1234961
*       2728,       2728:    1234961,    1234961,    1234961,    1234961
*       2729,       2729:    1234961,    1234961,    1234961,    1234961
*       2730,       2730:    1234961,    1234961,    1234961,    1234961
*       2731,       2731:    1234961,    1234961,    1234961,    1234961
*       2732,       2732:    1234961,    1234961,    1234961,    1234961
*       2733,       2733:    1234961,    1234961,    1234961,    1234961
*       2734,       2734:    1234961,    1234961,    1234961,    1234961
*       2735,       2735:    1234961,    1234961,    1234961,    1234961
*       2736,       2736:    1234961,    1234961,    1234961,    1234961
*       2737,       2737:    1234961,    1234961,    1234961,    1234961
*       2738,       2738:    1234961,    1234961,    1234961,    1234961
*       2739,       2739:    1234961,    1234961,    1234961,    1234961
*       2740,       2740:    1234961,    1234961,    1234961,    1234961
*       2741,       2741:    1234961,    1234961,    1234961,    1234961
*       2742,       2742:    1234961,    1234961,    1234961,    1234961
*       2743,       2743:    1234961,    1234961,    1234961,    1234961
*       2744,       2744:    1234961,    1234961,    1234961,    1234961
*       2745,       2745:    1234961,    1234961,    1234961,    1234961
*       2746,       2746:    1234961,    1234961,    1234961,    1234961
*       2747,       2747:    1234961,    1234961,    1234961,    1234961
*       2748,       2748:    1234961,    1234961,    1234961,    1234961
*       2749,       2749:    1234961,    1234961,    1234961,    1234961
*       2750,       2750:    1234961,    1234961,    1234961,    1234961
*       2751,       2751:    1234961,    1234961,    1234961,    1234961
*       2752,       2752:    1234961,    1234961,    1234961,    1234961
*       2753,       2753:    1234961,    1234961,    1234961,    1234961
*       2754,       2754:    1234961,    1234961,    1234961,    1234961
*       2755,       2755:    1234961,    1234961,    1234961,    1234961
*       2756,       2756:    1234961,    1234961,    1234961,    1234961
*       2757,       2757:    1234961,    1234961,    1234961,    1234961
*       2758,       2758:    1234961,    1234961,    1234961,    1234961
*       2759,       2759:    1234961,    1234961,    1234961,    1234961
*       2760,       2760:    1234961,    1234961,    1234961,    1234961
*       2761,       2761:    1234961,    1234961,    1234961,    1234961
*       2762,       2762:    1234961,    1234961,    1234961,    1234961
*       2763,       2763:    1234961,    1234961,    1234961,    1234961
*       2764,       2764:    1234961,    1234961,    1234961,    1234961
*       2765,       2765:    1234961,    1234961,    1234961,    1234961
*       2766,       2766:    1234961,    1234961,    1234961,    1234961
*       2767,       2767:    1234961,    1234961,    1234961,    1234961
*       2768,       2768:    1234961,    1234961,    1234961,    1234961
*       2769,       2769:    1234961,    1234961,    1234961,    1234961
*       2770,       2770:    1234961,    1234961,    1234961,    1234961
*       2771,       2771:    1234961,    1234961,    1234961,    1234961
*       2772,       2772:    1234961,    1234961,    1234961,    1234961
*       2773,       2773:    1234961,    1234961,    1234961,    1234961
*       2774,       2774:    1234961,    1234961,    1234961,    1234961
*       2775,       2775:    1234961,    1234961,    1234961,    1234961
*       2776,       2776:    1234961,    1234961,    1234961,    1234961
*       2777,       2777:    1234961,    1234961,    1234961,    1234961
*       2778,       2778:    1234961,    1234961,    1234961,    1234961
*       2779,       2779:    1234961,    1234961,    1234961,    1234961
*       2780,       2780:    1234961,    1234961,    1234961,    1234961
*       2781,       2781:    1234961,    1234961,    1234961,    1234961
*       2782,       2782:    1234961,    1234961,    1234961,    1234961
*       2783,       2783:    1234961,    1234961,    1234961,    1234961
*       2784,       2784:    1234961,    1234961,    1234961,    1234961
*       2785,       2785:    1234961,    1234961,    1234961,    1234961
*       2786,       2786:    1234961,    1234961,    1234961,    1234961
*       2787,       2787:    1234961,    1234961,    1234961,    1234961
*       2788,       2788:    1234961,    1234961,    1234961,    1234961
*       2789,       2789:    1234961,    1234961,    1234961,    1234961
*       2790,       2790:    1234961,    1234961,    1234961,    1234961
*       2791,       2791:    1234961,    1234961,    1234961,    1234961
*       2792,       2792:    1234961,    1234961,    1234961,    1234961
*       2793,       2793:    1234961,    1234961,    1234961,    1234961
*       2794,       2794:    1234961,    1234961,    1234961,    1234961
*       2795,       2795:    1234961,    1234961,    1234961,    1234961
*       2796,       2796:    1234961,    1234961,    1234961,    1234961
*       2797,       2797:    1234961,    1234961,    1234961,    1234961
*       2798,       2798:    1234961,    1234961,    1234961,    1234961
*       2799,       2799:    1234961,    1234961,    1234961,    1234961
*       2800,       2800:    1234961,    1234961,    1234961,    1234961
*       2801,       2801:    1234961,    1234961,    1234961,    1234961
*       2802,       2802:    1234961,    1234961,    1234961,    1234961
*       2803,       2803:    1234961,    1234961,    1234961,    1234961
*       2804,       2804:    1234961,    1234961,    1234961,    1234961
*       2805,       2805:    1234961,    1234961,    1234961,    1234961
*       2806,       2806:    1234961,    1234961,    1234961,    1234961
*       2807,       2807:    1234961,    1234961,    1234961,    1234961
*       2808,       2808:    1234961,    1234961,    1234961,    1234961
*       2809,       2809:    1234961,    1234961,    1234961,    1234961
*       2810,       2810:    1234961,    1234961,    1234961,    1234961
*       2811,       2811:    1234961,    1234961,    1234961,    1234961
*       2812,       2812:    1234961,    1234961,    1234961,    1234961
*       2813,       2813:    1234961,    1234961,    1234961,    1234961
*       2814,       2814:    1234961,    1234961,    1234961,    1234961
*       2815,       2815:    1234961,    1234961,    1234961,    1234961
*       2816,       2816:    1234961,    1234961,    1234961,    1234961
*       2817,       2817:    1234961,    1234961,    1234961,    1234961
*       2818,       2818:    1234961,    1234961,    1234961,    1234961
*       2819,       2819:    1234961,    1234961,    1234961,    1234961
*       2820,       2820:    1234961,    1234961,    1234961,    1234961
*       2821,       2821:    1234961,    1234961,    1234961,    1234961
*       2822,       2822:    1234961,    1234961,    1234961,    1234961
*       2823,       2823:    1234961,    1234961,    1234961,    1234961
*       2824,       2824:    1234961,    1234961,    1234961,    1234961
*       2825,       2825:    1234961,    1234961,    1234961,    1234961
*       2826,       2826:    1234961,    1234961,    1234961,    1234961
*       2827,       2827:    1234961,    1234961,    1234961,    1234961
*       2828,       2828:    1234961,    1234961,    1234961,    1234961
*       2829,       2829:    1234961,    1234961,    1234961,    1234961
*       2830,       2830:    1234961,    1234961,    1234961,    1234961
*       2831,       2831:    1234961,    1234961,    1234961,    1234961
*       2832,       2832:    1234961,    1234961,    1234961,    1234961
*       2833,       2833:    1234961,    1234961,    1234961,    1234961
*       2834,       2834:    1234961,    1234961,    1234961,    1234961
*       2835,       2835:    1234961,    1234961,    1234961,    1234961
*       2836,       2836:    1234961,    1234961,    1234961,    1234961
*       2837,       2837:    1234961,    1234961,    1234961,    1234961
*       2838,       2838:    1234961,    1234961,    1234961,    1234961
*       2839,       2839:    1234961,    1234961,    1234961,    1234961
*       2840,       2840:    1234961,    1234961,    1234961,    1234961
*       2841,       2841:    1234961,    1234961,    1234961,    1234961
*       2842,       2842:    1234961,    1234961,    1234961,    1234961
*       2843,       2843:    1234961,    1234961,    1234961,    1234961
*       2844,       2844:    1234961,    1234961,    1234961,    1234961
*       2845,       2845:    1234961,    1234961,    1234961,    1234961
*       2846,       2846:    1234961,    1234961,    1234961,    1234961
*       2847,       2847:    1234961,    1234961,    1234961,    1234961
*       2848,       2848:    1234961,    1234961,    1234961,    1234961
*       2849,       2849:    1234961,    1234961,    1234961,    1234961
*       2850,       2850:    1234961,    1234961,    1234961,    1234961
*       2851,       2851:    1234961,    1234961,    1234961,    1234961
*       2852,       2852:    1234961,    1234961,    1234961,    1234961
*       2853,       2853:    1234961,    1234961,    1234961,    1234961
*       2854,       2854:    1234961,    1234961,    1234961,    1234961
*       2855,       2855:    1234961,    1234961,    1234961,    1234961
*       2856,       2856:    1234961,    1234961,    1234961,    1234961
*       2857,       2857:    1234961,    1234961,    1234961,    1234961
*       2858,       2858:    1234961,    1234961,    1234961,    1234961
*       2859,       2859:    1234961,    1234961,    1234961,    1234961
*       2860,       2860:    1234961,    1234961,    1234961,    1234961
*       2861,       2861:    1234961,    1234961,    1234961,    1234961
*       2862,       2862:    1234961,    1234961,    1234961,    1234961
*       2863,       2863:    1234961,    1234961,    1234961,    1234961
*       2864,       2864:    1234961,    1234961,    1234961,    1234961
*       2865,       2865:    1234961,    1234961,    1234961,    1234961
*       2866,       2866:    1234961,    1234961,    1234961,    1234961
*       2867,       2867:    1234961,    1234961,    1234961,    1234961
*       2868,       2868:    1234961,    1234961,    1234961,    1234961
*       2869,       2869:    1234961,    1234961,    1234961,    1234961
*       2870,       2870:    1234961,    1234961,    1234961,    1234961
*       2871,       2871:    1234961,    1234961,    1234961,    1234961
*       2872,       2872:    1234961,    1234961,    1234961,    1234961
*       2873,       2873:    1234961,    1234961,    1234961,    1234961
*       2874,       2874:    1234961,    1234961,    1234961,    1234961
*       2875,       2875:    1234961,    1234961,    1234961,    1234961
*       2876,       2876:    1234961,    1234961,    1234961,    1234961
*       2877,       2877:    1234961,    1234961,    1234961,    1234961
*       2878,       2878:    1234961,    1234961,    1234961,    1234961
*       2879,       2879:    1234961,    1234961,    1234961,    1234961
*       2880,       2880:    1234961,    1234961,    1234961,    1234961
*       2881,       2881:    1234961,    1234961,    1234961,    1234961
*       2882,       2882:    1234961,    1234961,    1234961,    1234961
*       2883,       2883:    1234961,    1234961,    1234961,    1234961
*       2884,       2884:    1234961,    1234961,    1234961,    1234961
*       2885,       2885:    1234961,    1234961,    1234961,    1234961
*       2886,       2886:    1234961,    1234961,    1234961,    1234961
*       2887,       2887:    1234961,    1234961,    1234961,    1234961
*       2888,       2888:    1234961,    1234961,    1234961,    1234961
*       2889,       2889:    1234961,    1234961,    1234961,    1234961
*       2890,       2890:    1234961,    1234961,    1234961,    1234961
*       2891,       2891:    1234961,    1234961,    1234961,    1234961
*       2892,       2892:    1234961,    1234961,    1234961,    1234961
*       2893,       2893:    1234961,    1234961,    1234961,    1234961
*       2894,       2894:    1234961,    1234961,    1234961,    1234961
*       2895,       2895:    1234961,    1234961,    1234961,    1234961
*       2896,       2896:    1234961,    1234961,    1234961,    1234961
*       2897,       2897:    1234961,    1234961,    1234961,    1234961
*       2898,       2898:    1234961,    1234961,    1234961,    1234961
*       2899,       2899:    1234961,    1234961,    1234961,    1234961
*       2900,       2900:    1234961,    1234961,    1234961,    1234961
*       2901,       2901:    1234961,    1234961,    1234961,    1234961
*       2902,       2902:    1234961,    1234961,    1234961,    1234961
*       2903,       2903:    1234961,    1234961,    1234961,    1234961
*       2904,       2904:    1234961,    1234961,    1234961,    1234961
*       2905,       2905:    1234961,    1234961,    1234961,    1234961
*       2906,       2906:    1234961,    1234961,    1234961,    1234961
*       2907,       2907:    1234961,    1234961,    1234961,    1234961
*       2908,       2908:    1234961,    1234961,    1234961,    1234961
*       2909,       2909:    1234961,    1234961,    1234961,    1234961
*       2910,       2910:    1234961,    1234961,    1234961,    1234961
*       2911,       2911:    1234961,    1234961,    1234961,    1234961
*       2912,       2912:    1234961,    1234961,    1234961,    1234961
*       2913,       2913:    1234961,    1234961,    1234961,    1234961
*       2914,       2914:    1234961,    1234961,    1234961,    1234961
*       2915,       2915:    1234961,    1234961,    1234961,    1234961
*       2916,       2916:    1234961,    1234961,    1234961,    1234961
*       2917,       2917:    1234961,    1234961,    1234961,    1234961
*       2918,       2918:    1234961,    1234961,    1234961,    1234961
*       2919,       2919:    1234961,    1234961,    1234961,    1234961
*       2920,       2920:    1234961,    1234961,    1234961,    1234961
*       2921,       2921:    1234961,    1234961,    1234961,    1234961
*       2922,       2922:    1234961,    1234961,    1234961,    1234961
*       2923,       2923:    1234961,    1234961,    1234961,    1234961
*       2924,       2924:    1234961,    1234961,    1234961,    1234961
*       2925,       2925:    1234961,    1234961,    1234961,    1234961
*       2926,       2926:    1234961,    1234961,    1234961,    1234961
*       2927,       2927:    1234961,    1234961,    1234961,    1234961
*       2928,       2928:    1234961,    1234961,    1234961,    1234961
*       2929,       2929:    1234961,    1234961,    1234961,    1234961
*       2930,       2930:    1234961,    1234961,    1234961,    1234961
*       2931,       2931:    1234961,    1234961,    1234961,    1234961
*       2932,       2932:    1234961,    1234961,    1234961,    1234961
*       2933,       2933:    1234961,    1234961,    1234961,    1234961
*       2934,       2934:    1234961,    1234961,    1234961,    1234961
*       2935,       2935:    1234961,    1234961,    1234961,    1234961
*       2936,       2936:    1234961,    1234961,    1234961,    1234961
*       2937,       2937:    1234961,    1234961,    1234961,    1234961
*       2938,       2938:    1234961,    1234961,    1234961,    1234961
*       2939,       2939:    1234961,    1234961,    1234961,    1234961
*       2940,       2940:    1234961,    1234961,    1234961,    1234961
*       2941,       2941:    1234961,    1234961,    1234961,    1234961
*       2942,       2942:    1234961,    1234961,    1234961,    1234961
*       2943,       2943:    1234961,    1234961,    1234961,    1234961
*       2944,       2944:    1234961,    1234961,    1234961,    1234961
*       2945,       2945:    1234961,    1234961,    1234961,    1234961
*       2946,       2946:    1234961,    1234961,    1234961,    1234961
*       2947,       2947:    1234961,    1234961,    1234961,    1234961
*       2948,       2948:    1234961,    1234961,    1234961,    1234961
*       2949,       2949:    1234961,    1234961,    1234961,    1234961
*       2950,       2950:    1234961,    1234961,    1234961,    1234961
*       2951,       2951:    1234961,    1234961,    1234961,    1234961
*       2952,       2952:    1234961,    1234961,    1234961,    1234961
*       2953,       2953:    1234961,    1234961,    1234961,    1234961
*       2954,       2954:    1234961,    1234961,    1234961,    1234961
*       2955,       2955:    1234961,    1234961,    1234961,    1234961
*       2956,       2956:    1234961,    1234961,    1234961,    1234961
*       2957,       2957:    1234961,    1234961,    1234961,    1234961
*       2958,       2958:    1234961,    1234961,    1234961,    1234961
*       2959,       2959:    1234961,    1234961,    1234961,    1234961
*       2960,       2960:    1234961,    1234961,    1234961,    1234961
*       2961,       2961:    1234961,    1234961,    1234961,    1234961
*       2962,       2962:    1234961,    1234961,    1234961,    1234961
*       2963,       2963:    1234961,    1234961,    1234961,    1234961
*       2964,       2964:    1234961,    1234961,    1234961,    1234961
*       2965,       2965:    1234961,    1234961,    1234961,    1234961
*       2966,       2966:    1234961,    1234961,    1234961,    1234961
*       2967,       2967:    1234961,    1234961,    1234961,    1234961
*       2968,       2968:    1234961,    1234961,    1234961,    1234961
*       2969,       2969:    1234961,    1234961,    1234961,    1234961
*       2970,       2970:    1234961,    1234961,    1234961,    1234961
*       2971,       2971:    1234961,    1234961,    1234961,    1234961
*       2972,       2972:    1234961,    1234961,    1234961,    1234961
*       2973,       2973:    1234961,    1234961,    1234961,    1234961
*       2974,       2974:    1234961,    1234961,    1234961,    1234961
*       2975,       2975:    1234961,    1234961,    1234961,    1234961
*       2976,       2976:    1234961,    1234961,    1234961,    1234961
*       2977,       2977:    1234961,    1234961,    1234961,    1234961
*       2978,       2978:    1234961,    1234961,    1234961,    1234961
*       2979,       2979:    1234961,    1234961,    1234961,    1234961
*       2980,       2980:    1234961,    1234961,    1234961,    1234961
*       2981,       2981:    1234961,    1234961,    1234961,    1234961
*       2982,       2982:    1234961,    1234961,    1234961,    1234961
*       2983,       2983:    1234961,    1234961,    1234961,    1234961
*       2984,       2984:    1234961,    1234961,    1234961,    1234961
*       2985,       2985:    1234961,    1234961,    1234961,    1234961
*       2986,       2986:    1234961,    1234961,    1234961,    1234961
*       2987,       2987:    1234961,    1234961,    1234961,    1234961
*       2988,       2988:    1234961,    1234961,    1234961,    1234961
*       2989,       2989:    1234961,    1234961,    1234961,    1234961
*       2990,       2990:    1234961,    1234961,    1234961,    1234961
*       2991,       2991:    1234961,    1234961,    1234961,    1234961
*       2992,       2992:    1234961,    1234961,    1234961,    1234961
*       2993,       2993:    1234961,    1234961,    1234961,    1234961
*       2994,       2994:    1234961,    1234961,    1234961,    1234961
*       2995,       2995:    1234961,    1234961,    1234961,    1234961
*       2996,       2996:    1234961,    1234961,    1234961,    1234961
*       2997,       2997:    1234961,    1234961,    1234961,    1234961
*       2998,       2998:    1234961,    1234961,    1234961,    1234961
*       2999,       2999:    1234961,    1234961,    1234961,    1234961
*       3000,       3000:    1234961,    1234961,    1234961,    1234961
*       3001,       3001:    1234961,    1234961,    1234961,    1234961
*       3002,       3002:    1234961,    1234961,    1234961,    1234961
*       3003,       3003:    1234961,    1234961,    1234961,    1234961
*       3004,       3004:    1234961,    1234961,    1234961,    1234961
*       3005,       3005:    1234961,    1234961,    1234961,    1234961
*       3006,       3006:    1234961,    1234961,    1234961,    1234961
*       3007,       3007:    1234961,    1234961,    1234961,    1234961
*       3008,       3008:    1234961,    1234961,    1234961,    1234961
*       3009,       3009:    1234961,    1234961,    1234961,    1234961
*       3010,       3010:    1234961,    1234961,    1234961,    1234961
*       3011,       3011:    1234961,    1234961,    1234961,    1234961
*       3012,       3012:    1234961,    1234961,    1234961,    1234961
*       3013,       3013:    1234961,    1234961,    1234961,    1234961
*       3014,       3014:    1234961,    1234961,    1234961,    1234961
*       3015,       3015:    1234961,    1234961,    1234961,    1234961
*       3016,       3016:    1234961,    1234961,    1234961,    1234961
*       3017,       3017:    1234961,    1234961,    1234961,    1234961
*       3018,       3018:    1234961,    1234961,    1234961,    1234961
*       3019,       3019:    1234961,    1234961,    1234961,    1234961
*       3020,       3020:    1234961,    1234961,    1234961,    1234961
*       3021,       3021:    1234961,    1234961,    1234961,    1234961
*       3022,       3022:    1234961,    1234961,    1234961,    1234961
*       3023,       3023:    1234961,    1234961,    1234961,    1234961
*       3024,       3024:    1234961,    1234961,    1234961,    1234961
*       3025,       3025:    1234961,    1234961,    1234961,    1234961
*       3026,       3026:    1234961,    1234961,    1234961,    1234961
*       3027,       3027:    1234961,    1234961,    1234961,    1234961
*       3028,       3028:    1234961,    1234961,    1234961,    1234961
*       3029,       3029:    1234961,    1234961,    1234961,    1234961
*       3030,       3030:    1234961,    1234961,    1234961,    1234961
*       3031,       3031:    1234961,    1234961,    1234961,    1234961
*       3032,       3032:    1234961,    1234961,    1234961,    1234961
*       3033,       3033:    1234961,    1234961,    1234961,    1234961
*       3034,       3034:    1234961,    1234961,    1234961,    1234961
*       3035,       3035:    1234961,    1234961,    1234961,    1234961
*       3036,       3036:    1234961,    1234961,    1234961,    1234961
*       3037,       3037:    1234961,    1234961,    1234961,    1234961
*       3038,       3038:    1234961,    1234961,    1234961,    1234961
*       3039,       3039:    1234961,    1234961,    1234961,    1234961
*       3040,       3040:    1234961,    1234961,    1234961,    1234961
*       3041,       3041:    1234961,    1234961,    1234961,    1234961
*       3042,       3042:    1234961,    1234961,    1234961,    1234961
*       3043,       3043:    1234961,    1234961,    1234961,    1234961
*       3044,       3044:    1234961,    1234961,    1234961,    1234961
*       3045,       3045:    1234961,    1234961,    1234961,    1234961
*       3046,       3046:    1234961,    1234961,    1234961,    1234961
*       3047,       3047:    1234961,    1234961,    1234961,    1234961
*       3048,       3048:    1234961,    1234961,    1234961,    1234961
*       3049,       3049:    1234961,    1234961,    1234961,    1234961
*       3050,       3050:    1234961,    1234961,    1234961,    1234961
*       3051,       3051:    1234961,    1234961,    1234961,    1234961
*       3052,       3052:    1234961,    1234961,    1234961,    1234961
*       3053,       3053:    1234961,    1234961,    1234961,    1234961
*       3054,       3054:    1234961,    1234961,    1234961,    1234961
*       3055,       3055:    1234961,    1234961,    1234961,    1234961
*       3056,       3056:    1234961,    1234961,    1234961,    1234961
*       3057,       3057:    1234961,    1234961,    1234961,    1234961
*       3058,       3058:    1234961,    1234961,    1234961,    1234961
*       3059,       3059:    1234961,    1234961,    1234961,    1234961
*       3060,       3060:    1234961,    1234961,    1234961,    1234961
*       3061,       3061:    1234961,    1234961,    1234961,    1234961
*       3062,       3062:    1234961,    1234961,    1234961,    1234961
*       3063,       3063:    1234961,    1234961,    1234961,    1234961
*       3064,       3064:    1234961,    1234961,    1234961,    1234961
*       3065,       3065:    1234961,    1234961,    1234961,    1234961
*       3066,       3066:    1234961,    1234961,    1234961,    1234961
*       3067,       3067:    1234961,    1234961,    1234961,    1234961
*       3068,       3068:    1234961,    1234961,    1234961,    1234961
*       3069,       3069:    1234961,    1234961,    1234961,    1234961
*       3070,       3070:    1234961,    1234961,    1234961,    1234961
*       3071,       3071:    1234961,    1234961,    1234961,    1234961
*       3072,       3072:    1234961,    1234961,    1234961,    1234961
*       3073,       3073:    1234961,    1234961,    1234961,    1234961
*       3074,       3074:    1234961,    1234961,    1234961,    1234961
*       3075,       3075:    1234961,    1234961,    1234961,    1234961
*       3076,       3076:    1234961,    1234961,    1234961,    1234961
*       3077,       3077:    1234961,    1234961,    1234961,    1234961
*       3078,       3078:    1234961,    1234961,    1234961,    1234961
*       3079,       3079:    1234961,    1234961,    1234961,    1234961
*       3080,       3080:    1234961,    1234961,    1234961,    1234961
*       3081,       3081:    1234961,    1234961,    1234961,    1234961
*       3082,       3082:    1234961,    1234961,    1234961,    1234961
*       3083,       3083:    1234961,    1234961,    1234961,    1234961
*       3084,       3084:    1234961,    1234961,    1234961,    1234961
*       3085,       3085:    1234961,    1234961,    1234961,    1234961
*       3086,       3086:    1234961,    1234961,    1234961,    1234961
*       3087,       3087:    1234961,    1234961,    1234961,    1234961
*       3088,       3088:    1234961,    1234961,    1234961,    1234961
*       3089,       3089:    1234961,    1234961,    1234961,    1234961
*       3090,       3090:    1234961,    1234961,    1234961,    1234961
*       3091,       3091:    1234961,    1234961,    1234961,    1234961
*       3092,       3092:    1234961,    1234961,    1234961,    1234961
*       3093,       3093:    1234961,    1234961,    1234961,    1234961
*       3094,       3094:    1234961,    1234961,    1234961,    1234961
*       3095,       3095:    1234961,    1234961,    1234961,    1234961
*       3096,       3096:    1234961,    1234961,    1234961,    1234961
*       3097,       3097:    1234961,    1234961,    1234961,    1234961
*       3098,       3098:    1234961,    1234961,    1234961,    1234961
*       3099,       3099:    1234961,    1234961,    1234961,    1234961
*       3100,       3100:    1234961,    1234961,    1234961,    1234961
*       3101,       3101:    1234961,    1234961,    1234961,    1234961
*       3102,       3102:    1234961,    1234961,    1234961,    1234961
*       3103,       3103:    1234961,    1234961,    1234961,    1234961
*       3104,       3104:    1234961,    1234961,    1234961,    1234961
*       3105,       3105:    1234961,    1234961,    1234961,    1234961
*       3106,       3106:    1234961,    1234961,    1234961,    1234961
*       3107,       3107:    1234961,    1234961,    1234961,    1234961
*       3108,       3108:    1234961,    1234961,    1234961,    1234961
*       3109,       3109:    1234961,    1234961,    1234961,    1234961
*       3110,       3110:    1234961,    1234961,    1234961,    1234961
*       3111,       3111:    1234961,    1234961,    1234961,    1234961
*       3112,       3112:    1234961,    1234961,    1234961,    1234961
*       3113,       3113:    1234961,    1234961,    1234961,    1234961
*       3114,       3114:    1234961,    1234961,    1234961,    1234961
*       3115,       3115:    1234961,    1234961,    1234961,    1234961
*       3116,       3116:    1234961,    1234961,    1234961,    1234961
*       3117,       3117:    1234961,    1234961,    1234961,    1234961
*       3118,       3118:    1234961,    1234961,    1234961,    1234961
*       3119,       3119:    1234961,    1234961,    1234961,    1234961
*       3120,       3120:    1234961,    1234961,    1234961,    1234961
*       3121,       3121:    1234961,    1234961,    1234961,    1234961
*       3122,       3122:    1234961,    1234961,    1234961,    1234961
*       3123,       3123:    1234961,    1234961,    1234961,    1234961
*       3124,       3124:    1234961,    1234961,    1234961,    1234961
*       3125,       3125:    1234961,    1234961,    1234961,    1234961
*       3126,       3126:    1234961,    1234961,    1234961,    1234961
*       3127,       3127:    1234961,    1234961,    1234961,    1234961
*       3128,       3128:    1234961,    1234961,    1234961,    1234961
*       3129,       3129:    1234961,    1234961,    1234961,    1234961
*       3130,       3130:    1234961,    1234961,    1234961,    1234961
*       3131,       3131:    1234961,    1234961,    1234961,    1234961
*       3132,       3132:    1234961,    1234961,    1234961,    1234961
*       3133,       3133:    1234961,    1234961,    1234961,    1234961
*       3134,       3134:    1234961,    1234961,    1234961,    1234961
*       3135,       3135:    1234961,    1234961,    1234961,    1234961
*       3136,       3136:    1234961,    1234961,    1234961,    1234961
*       3137,       3137:    1234961,    1234961,    1234961,    1234961
*       3138,       3138:    1234961,    1234961,    1234961,    1234961
*       3139,       3139:    1234961,    1234961,    1234961,    1234961
*       3140,       3140:    1234961,    1234961,    1234961,    1234961
*       3141,       3141:    1234961,    1234961,    1234961,    1234961
*       3142,       3142:    1234961,    1234961,    1234961,    1234961
*       3143,       3143:    1234961,    1234961,    1234961,    1234961
*       3144,       3144:    1234961,    1234961,    1234961,    1234961
*       3145,       3145:    1234961,    1234961,    1234961,    1234961
*       3146,       3146:    1234961,    1234961,    1234961,    1234961
*       3147,       3147:    1234961,    1234961,    1234961,    1234961
*       3148,       3148:    1234961,    1234961,    1234961,    1234961
*       3149,       3149:    1234961,    1234961,    1234961,    1234961
*       3150,       3150:    1234961,    1234961,    1234961,    1234961
*       3151,       3151:    1234961,    1234961,    1234961,    1234961
*       3152,       3152:    1234961,    1234961,    1234961,    1234961
*       3153,       3153:    1234961,    1234961,    1234961,    1234961
*       3154,       3154:    1234961,    1234961,    1234961,    1234961
*       3155,       3155:    1234961,    1234961,    1234961,    1234961
*       3156,       3156:    1234961,    1234961,    1234961,    1234961
*       3157,       3157:    1234961,    1234961,    1234961,    1234961
*       3158,       3158:    1234961,    1234961,    1234961,    1234961
*       3159,       3159:    1234961,    1234961,    1234961,    1234961
*       3160,       3160:    1234961,    1234961,    1234961,    1234961
*       3161,       3161:    1234961,    1234961,    1234961,    1234961
*       3162,       3162:    1234961,    1234961,    1234961,    1234961
*       3163,       3163:    1234961,    1234961,    1234961,    1234961
*       3164,       3164:    1234961,    1234961,    1234961,    1234961
*       3165,       3165:    1234961,    1234961,    1234961,    1234961
*       3166,       3166:    1234961,    1234961,    1234961,    1234961
*       3167,       3167:    1234961,    1234961,    1234961,    1234961
*       3168,       3168:    1234961,    1234961,    1234961,    1234961
*       3169,       3169:    1234961,    1234961,    1234961,    1234961
*       3170,       3170:    1234961,    1234961,    1234961,    1234961
*       3171,       3171:    1234961,    1234961,    1234961,    1234961
*       3172,       3172:    1234961,    1234961,    1234961,    1234961
*       3173,       3173:    1234961,    1234961,    1234961,    1234961
*       3174,       3174:    1234961,    1234961,    1234961,    1234961
*       3175,       3175:    1234961,    1234961,    1234961,    1234961
*       3176,       3176:    1234961,    1234961,    1234961,    1234961
*       3177,       3177:    1234961,    1234961,    1234961,    1234961
*       3178,       3178:    1234961,    1234961,    1234961,    1234961
*       3179,       3179:    1234961,    1234961,    1234961,    1234961
*       3180,       3180:    1234961,    1234961,    1234961,    1234961
*       3181,       3181:    1234961,    1234961,    1234961,    1234961
*       3182,       3182:    1234961,    1234961,    1234961,    1234961
*       3183,       3183:    1234961,    1234961,    1234961,    1234961
*       3184,       3184:    1234961,    1234961,    1234961,    1234961
*       3185,       3185:    1234961,    1234961,    1234961,    1234961
*       3186,       3186:    1234961,    1234961,    1234961,    1234961
*       3187,       3187:    1234961,    1234961,    1234961,    1234961
*       3188,       3188:    1234961,    1234961,    1234961,    1234961
*       3189,       3189:    1234961,    1234961,    1234961,    1234961
*       3190,       3190:    1234961,    1234961,    1234961,    1234961
*       3191,       3191:    1234961,    1234961,    1234961,    1234961
*       3192,       3192:    1234961,    1234961,    1234961,    1234961
*       3193,       3193:    1234961,    1234961,    1234961,    1234961
*       3194,       3194:    1234961,    1234961,    1234961,    1234961
*       3195,       3195:    1234961,    1234961,    1234961,    1234961
*       3196,       3196:    1234961,    1234961,    1234961,    1234961
*       3197,       3197:    1234961,    1234961,    1234961,    1234961
*       3198,       3198:    1234961,    1234961,    1234961,    1234961
*       3199,       3199:    1234961,    1234961,    1234961,    1234961
*       3200,       3200:    1234961,    1234961,    1234961,    1234961
*       3201,       3201:    1234961,    1234961,    1234961,    1234961
*       3202,       3202:    1234961,    1234961,    1234961,    1234961
*       3203,       3203:    1234961,    1234961,    1234961,    1234961
*       3204,       3204:    1234961,    1234961,    1234961,    1234961
*       3205,       3205:    1234961,    1234961,    1234961,    1234961
*       3206,       3206:    1234961,    1234961,    1234961,    1234961
*       3207,       3207:    1234961,    1234961,    1234961,    1234961
*       3208,       3208:    1234961,    1234961,    1234961,    1234961
*       3209,       3209:    1234961,    1234961,    1234961,    1234961
*       3210,       3210:    1234961,    1234961,    1234961,    1234961
*       3211,       3211:    1234961,    1234961,    1234961,    1234961
*       3212,       3212:    1234961,    1234961,    1234961,    1234961
*       3213,       3213:    1234961,    1234961,    1234961,    1234961
*       3214,       3214:    1234961,    1234961,    1234961,    1234961
*       3215,       3215:    1234961,    1234961,    1234961,    1234961
*       3216,       3216:    1234961,    1234961,    1234961,    1234961
*       3217,       3217:    1234961,    1234961,    1234961,    1234961
*       3218,       3218:    1234961,    1234961,    1234961,    1234961
*       3219,       3219:    1234961,    1234961,    1234961,    1234961
*       3220,       3220:    1234961,    1234961,    1234961,    1234961
*       3221,       3221:    1234961,    1234961,    1234961,    1234961
*       3222,       3222:    1234961,    1234961,    1234961,    1234961
*       3223,       3223:    1234961,    1234961,    1234961,    1234961
*       3224,       3224:    1234961,    1234961,    1234961,    1234961
*       3225,       3225:    1234961,    1234961,    1234961,    1234961
*       3226,       3226:    1234961,    1234961,    1234961,    1234961
*       3227,       3227:    1234961,    1234961,    1234961,    1234961
*       3228,       3228:    1234961,    1234961,    1234961,    1234961
*       3229,       3229:    1234961,    1234961,    1234961,    1234961
*       3230,       3230:    1234961,    1234961,    1234961,    1234961
*       3231,       3231:    1234961,    1234961,    1234961,    1234961
*       3232,       3232:    1234961,    1234961,    1234961,    1234961
*       3233,       3233:    1234961,    1234961,    1234961,    1234961
*       3234,       3234:    1234961,    1234961,    1234961,    1234961
*       3235,       3235:    1234961,    1234961,    1234961,    1234961
*       3236,       3236:    1234961,    1234961,    1234961,    1234961
*       3237,       3237:    1234961,    1234961,    1234961,    1234961
*       3238,       3238:    1234961,    1234961,    1234961,    1234961
*       3239,       3239:    1234961,    1234961,    1234961,    1234961
*       3240,       3240:    1234961,    1234961,    1234961,    1234961
*       3241,       3241:    1234961,    1234961,    1234961,    1234961
*       3242,       3242:    1234961,    1234961,    1234961,    1234961
*       3243,       3243:    1234961,    1234961,    1234961,    1234961
*       3244,       3244:    1234961,    1234961,    1234961,    1234961
*       3245,       3245:    1234961,    1234961,    1234961,    1234961
*       3246,       3246:    1234961,    1234961,    1234961,    1234961
*       3247,       3247:    1234961,    1234961,    1234961,    1234961
*       3248,       3248:    1234961,    1234961,    1234961,    1234961
*       3249,       3249:    1234961,    1234961,    1234961,    1234961
*       3250,       3250:    1234961,    1234961,    1234961,    1234961
*       3251,       3251:    1234961,    1234961,    1234961,    1234961
*       3252,       3252:    1234961,    1234961,    1234961,    1234961
*       3253,       3253:    1234961,    1234961,    1234961,    1234961
*       3254,       3254:    1234961,    1234961,    1234961,    1234961
*       3255,       3255:    1234961,    1234961,    1234961,    1234961
*       3256,       3256:    1234961,    1234961,    1234961,    1234961
*       3257,       3257:    1234961,    1234961,    1234961,    1234961
*       3258,       3258:    1234961,    1234961,    1234961,    1234961
*       3259,       3259:    1234961,    1234961,    1234961,    1234961
*       3260,       3260:    1234961,    1234961,    1234961,    1234961
*       3261,       3261:    1234961,    1234961,    1234961,    1234961
*       3262,       3262:    1234961,    1234961,    1234961,    1234961
*       3263,       3263:    1234961,    1234961,    1234961,    1234961
*       3264,       3264:    1234961,    1234961,    1234961,    1234961
*       3265,       3265:    1234961,    1234961,    1234961,    1234961
*       3266,       3266:    1234961,    1234961,    1234961,    1234961
*       3267,       3267:    1234961,    1234961,    1234961,    1234961
*       3268,       3268:    1234961,    1234961,    1234961,    1234961
*       3269,       3269:    1234961,    1234961,    1234961,    1234961
*       3270,       3270:    1234961,    1234961,    1234961,    1234961
*       3271,       3271:    1234961,    1234961,    1234961,    1234961
*       3272,       3272:    1234961,    1234961,    1234961,    1234961
*       3273,       3273:    1234961,    1234961,    1234961,    1234961
*       3274,       3274:    1234961,    1234961,    1234961,    1234961
*       3275,       3275:    1234961,    1234961,    1234961,    1234961
*       3276,       3276:    1234961,    1234961,    1234961,    1234961
*       3277,       3277:    1234961,    1234961,    1234961,    1234961
*       3278,       3278:    1234961,    1234961,    1234961,    1234961
*       3279,       3279:    1234961,    1234961,    1234961,    1234961
*       3280,       3280:    1234961,    1234961,    1234961,    1234961
*       3281,       3281:    1234961,    1234961,    1234961,    1234961
*       3282,       3282:    1234961,    1234961,    1234961,    1234961
*       3283,       3283:    1234961,    1234961,    1234961,    1234961
*       3284,       3284:    1234961,    1234961,    1234961,    1234961
*       3285,       3285:    1234961,    1234961,    1234961,    1234961
*       3286,       3286:    1234961,    1234961,    1234961,    1234961
*       3287,       3287:    1234961,    1234961,    1234961,    1234961
*       3288,       3288:    1234961,    1234961,    1234961,    1234961
*       3289,       3289:    1234961,    1234961,    1234961,    1234961
*       3290,       3290:    1234961,    1234961,    1234961,    1234961
*       3291,       3291:    1234961,    1234961,    1234961,    1234961
test fail, err_num = 3290
